distance,global_seed,R_sk-BB84,R_sk_std-BB84,R_sk_sem-BB84,QBER_total-BB84,QBER_total_std-BB84,QBER_total_sem-BB84,QBER_est-BB84,QBER_est_std-BB84,QBER_est_sem-BB84,Throughputs-BB84,Throughputs_std-BB84,Throughputs_sem-BB84,Throughput_final-BB84,Throughput_final_std-BB84,Throughput_final_sem-BB84,Latency-BB84,Loss-BB84,R_s-BB84,R_s_std-BB84,R_s_sem-BB84,N_keys-BB84,N_replicas-BB84,R_sk-B92,R_sk_std-B92,R_sk_sem-B92,QBER_total-B92,QBER_total_std-B92,QBER_total_sem-B92,QBER_est-B92,QBER_est_std-B92,QBER_est_sem-B92,Throughputs-B92,Throughputs_std-B92,Throughputs_sem-B92,Throughput_final-B92,Throughput_final_std-B92,Throughput_final_sem-B92,Latency-B92,Loss-B92,R_s-B92,R_s_std-B92,R_s_sem-B92,N_keys-B92,N_replicas-B92,R_sk-COW,R_sk_std-COW,R_sk_sem-COW,QBER_total-COW,QBER_total_std-COW,QBER_total_sem-COW,QBER_est-COW,QBER_est_std-COW,QBER_est_sem-COW,Throughputs-COW,Throughputs_std-COW,Throughputs_sem-COW,Throughput_final-COW,Throughput_final_std-COW,Throughput_final_sem-COW,Latency-COW,Loss-COW,R_s-COW,R_s_std-COW,R_s_sem-COW,Visibility-COW,Visibility_std-COW,Visibility_sem-COW,N_keys-COW,N_replicas-COW,R_sk-BB84+Eve,R_sk_std-BB84+Eve,R_sk_sem-BB84+Eve,QBER_total-BB84+Eve,QBER_total_std-BB84+Eve,QBER_total_sem-BB84+Eve,QBER_est-BB84+Eve,QBER_est_std-BB84+Eve,QBER_est_sem-BB84+Eve,Throughputs-BB84+Eve,Throughputs_std-BB84+Eve,Throughputs_sem-BB84+Eve,Throughput_final-BB84+Eve,Throughput_final_std-BB84+Eve,Throughput_final_sem-BB84+Eve,Latency-BB84+Eve,Loss-BB84+Eve,R_s-BB84+Eve,R_s_std-BB84+Eve,R_s_sem-BB84+Eve,N_keys-BB84+Eve,N_replicas-BB84+Eve,R_sk-B92+Eve,R_sk_std-B92+Eve,R_sk_sem-B92+Eve,QBER_total-B92+Eve,QBER_total_std-B92+Eve,QBER_total_sem-B92+Eve,QBER_est-B92+Eve,QBER_est_std-B92+Eve,QBER_est_sem-B92+Eve,Throughputs-B92+Eve,Throughputs_std-B92+Eve,Throughputs_sem-B92+Eve,Throughput_final-B92+Eve,Throughput_final_std-B92+Eve,Throughput_final_sem-B92+Eve,Latency-B92+Eve,Loss-B92+Eve,R_s-B92+Eve,R_s_std-B92+Eve,R_s_sem-B92+Eve,N_keys-B92+Eve,N_replicas-B92+Eve,R_sk-COW+Eve,R_sk_std-COW+Eve,R_sk_sem-COW+Eve,QBER_total-COW+Eve,QBER_total_std-COW+Eve,QBER_total_sem-COW+Eve,QBER_est-COW+Eve,QBER_est_std-COW+Eve,QBER_est_sem-COW+Eve,Throughputs-COW+Eve,Throughputs_std-COW+Eve,Throughputs_sem-COW+Eve,Throughput_final-COW+Eve,Throughput_final_std-COW+Eve,Throughput_final_sem-COW+Eve,Latency-COW+Eve,Loss-COW+Eve,R_s-COW+Eve,R_s_std-COW+Eve,R_s_sem-COW+Eve,Visibility-COW+Eve,Visibility_std-COW+Eve,Visibility_sem-COW+Eve,N_keys-COW+Eve,N_replicas-COW+Eve,R_sk-BBM92,R_sk_std-BBM92,R_sk_sem-BBM92,QBER_total-BBM92,QBER_total_std-BBM92,QBER_total_sem-BBM92,QBER_est-BBM92,QBER_est_std-BBM92,QBER_est_sem-BBM92,Throughputs-BBM92,Throughputs_std-BBM92,Throughputs_sem-BBM92,Throughput_final-BBM92,Throughput_final_std-BBM92,Throughput_final_sem-BBM92,Latency-BBM92,Loss-BBM92,R_s-BBM92,R_s_std-BBM92,R_s_sem-BBM92,N_keys-BBM92,N_replicas-BBM92,R_sk-E91,R_sk_std-E91,R_sk_sem-E91,QBER_total-E91,QBER_total_std-E91,QBER_total_sem-E91,QBER_est-E91,QBER_est_std-E91,QBER_est_sem-E91,Throughputs-E91,Throughputs_std-E91,Throughputs_sem-E91,Throughput_final-E91,Throughput_final_std-E91,Throughput_final_sem-E91,Latency-E91,Loss-E91,R_s-E91,R_s_std-E91,R_s_sem-E91,CHSH_S-E91,CHSH_S_std-E91,CHSH_S_sem-E91,N_keys-E91,N_replicas-E91,R_sk-BBM92+Eve,R_sk_std-BBM92+Eve,R_sk_sem-BBM92+Eve,QBER_total-BBM92+Eve,QBER_total_std-BBM92+Eve,QBER_total_sem-BBM92+Eve,QBER_est-BBM92+Eve,QBER_est_std-BBM92+Eve,QBER_est_sem-BBM92+Eve,Throughputs-BBM92+Eve,Throughputs_std-BBM92+Eve,Throughputs_sem-BBM92+Eve,Throughput_final-BBM92+Eve,Throughput_final_std-BBM92+Eve,Throughput_final_sem-BBM92+Eve,Latency-BBM92+Eve,Loss-BBM92+Eve,R_s-BBM92+Eve,R_s_std-BBM92+Eve,R_s_sem-BBM92+Eve,N_keys-BBM92+Eve,N_replicas-BBM92+Eve,R_sk-E91+Eve,R_sk_std-E91+Eve,R_sk_sem-E91+Eve,QBER_total-E91+Eve,QBER_total_std-E91+Eve,QBER_total_sem-E91+Eve,QBER_est-E91+Eve,QBER_est_std-E91+Eve,QBER_est_sem-E91+Eve,Throughputs-E91+Eve,Throughputs_std-E91+Eve,Throughputs_sem-E91+Eve,Throughput_final-E91+Eve,Throughput_final_std-E91+Eve,Throughput_final_sem-E91+Eve,Latency-E91+Eve,Loss-E91+Eve,R_s-E91+Eve,R_s_std-E91+Eve,R_s_sem-E91+Eve,CHSH_S-E91+Eve,CHSH_S_std-E91+Eve,CHSH_S_sem-E91+Eve,N_keys-E91+Eve,N_replicas-E91+Eve
1000,20260805,0.0946227208,0.0029837396419314477,0.0013343689333039197,0.015032,0.0003570994259306506,0.00015969971822141717,0.014896000000000001,0.001097488040937121,0.0004908115728056949,2220628.793754718,0.0,0.0,659129.9052663806,11768.210263398129,5262.903624493784,0.013124999996,0.045007413978564004,0.309332,0.002098790127668779,0.0009386074791945704,25,5,0.033264964800000005,0.0014891526981586512,0.000665969332391994,0.029627999999999998,0.0003689444402616724,0.00016499696966914196,0.02984,0.0014740420618150638,0.0006592116503824859,1184638.5383363436,0.0,0.0,239820.78325124917,10708.05953502194,4788.789805484769,0.016874999993,0.045007413978564004,0.159164,0.001823699536656192,0.0008155832268996229,25,5,0.1017732302,0.001186775216826549,0.0005307420117672432,8.000000000000001e-06,1.0954451150103323e-05,4.898979485566356e-06,0.0,0.0,0.0,583108.2486074769,0.0,0.0,392868.17785351997,2225.701356930851,995.363906342181,0.028124999996,0.045007413978564004,0.147922,0.0010148251080851361,0.00045384358539038715,0.9796363136912796,0.004268788377861841,0.0019090601988920267,25,5,0.0,0.0,0.0,0.241416,0.001733516656972195,0.0007752522170236026,0.241072,0.0016204690678936014,0.0007246957982491629,2220628.793754718,0.0,0.0,0.0,0.0,0.0,0.013124999996,0.045007413978564004,0.31120000000000003,0.0016739175606940865,0.0007485986908885215,25,5,0.0,0.0,0.0,0.32592,0.0023350374729327133,0.0010442605038973743,0.328064,0.0060221989339443085,0.002693209238065248,1713892.391033689,0.0,0.0,0.0,0.0,0.0,0.014374999995000002,0.045007413978564004,0.22941599999999998,0.0021990634370113167,0.0009834510663983263,25,5,0.0,0.0,0.0,4.000000000000001e-06,8.94427190999916e-06,4.000000000000001e-06,0.0,0.0,0.0,583108.2486074769,0.0,0.0,0.0,0.0,0.0,0.028124999996,0.045007413978564004,0.148148,0.001094655196854246,0.0004895446864179015,0.011245028436431173,0.015029977254662583,0.0067216101683402404,25,5,0.044445577599999994,0.0017849768036242951,0.0007982658942328433,0.028915999999999997,0.0008472779945212777,0.00037891423831785427,0.028111999999999998,0.001433987447643806,0.0006412986823625942,608943.8622534219,0.0,0.0,128243.98879622766,5407.331269782601,2418.2320592188303,0.020481875019,0.045007413978564004,0.202388,0.0012851925925712556,0.0005747556002337037,25,5,0.030401157999999994,0.0008523723371848692,0.0003811924976171478,0.029671999999999997,0.00047087153237374734,0.0002105801510114384,0.029071999999999997,0.0007345202515928353,0.00032848744268236556,272179.4535809905,1.094614563876441e-07,4.8952651479780154e-08,90297.83615564153,3842.899001243689,1718.5966794893873,0.04281562504619999,0.045007413978564004,0.090092,0.001460451984832092,0.0006531339831918098,-2.6631710462225886,0.009555891463856641,0.0042735245797586845,25,5,0.0,0.0,0.0,0.240692,0.0019540010235411897,0.0008738558233484534,0.24287999999999998,0.003879381393985384,0.0017349121015198424,610973.675127122,4538.799567197667,2029.8128737001214,0.0,0.0,0.0,0.0211387500198,0.045007413978564004,0.201736,0.0011000363630353216,0.0004919512170937232,25,5,0.0,0.0,0.0,0.24189600000000003,0.002409622377054128,0.001077615887039532,0.24272,0.004241886372829908,0.001897029256495538,271256.8113654172,2063.0907128232416,922.642215524253,0.0,0.0,0.0,0.043472500047,0.045007413978564004,0.089284,0.0005374755808406597,0.00024036638700117971,-1.4595276716404764,0.009616072314095976,0.004300438274174462,25,5
2000,20260805,0.0914980836,0.0026088812054083266,0.001166727144102922,0.015132000000000001,0.00030318311298619516,0.00013558761005342632,0.014672,0.0012127324519447802,0.000542350440213705,2220022.0038970397,0.0,0.0,658068.1675487816,19884.75204739915,8892.731458742523,0.013169999995999998,0.08798916064409024,0.29779999999999995,0.0006122091146005313,0.0002737882393383494,25,5,0.032721744399999995,0.0011421762095652317,0.0005107967293741807,0.029164000000000002,0.000911087262560508,0.000407450610503899,0.028832000000000003,0.0010933983720492742,0.0004889826172779566,1138620.3836037356,17036.708413627744,7619.047625142848,237743.95425009626,8205.549931061794,3669.6334877245768,0.016919999993,0.08798916064409024,0.152164,0.0016053286267926556,0.0007179247871469536,25,5,0.09570571059999998,0.0009569296339218459,0.0004279519422266472,4.000000000000001e-06,8.94427190999916e-06,4.000000000000001e-06,0.0,0.0,0.0,549688.6676040053,0.0,0.0,362398.4956323655,1413.6532369665665,632.2049468939722,0.028169999996,0.08798916064409024,0.14201599999999998,0.000983427679089822,0.00043980222827993807,0.9814585205062694,0.002951963873266365,0.0013201583775494332,25,5,0.0,0.0,0.0,0.241648,0.0018540550153649808,0.0008291586096761028,0.24321600000000002,0.003236491927998587,0.001447403191926839,2220022.0038970397,0.0,0.0,0.0,0.0,0.0,0.013169999995999998,0.08798916064409024,0.29716,0.0013143059004661075,0.0005877754673342578,25,5,0.0,0.0,0.0,0.325656,0.0016940720173593748,0.0007576120379191531,0.325888,0.004592376291202628,0.0020537731130774893,1633423.5989244485,0.0,0.0,0.0,0.0,0.0,0.014419999994999998,0.08798916064409024,0.221068,0.0028843231441709064,0.0012899085238884146,25,5,0.0,0.0,0.0,4.000000000000001e-06,8.94427190999916e-06,4.000000000000001e-06,0.0,0.0,0.0,549688.6676040053,0.0,0.0,0.0,0.0,0.0,0.028169999996,0.08798916064409024,0.143772,0.0007294655577887168,0.00032622691489207436,0.01875752170094164,0.014051925169357035,0.006284211978684515,25,5,0.0394521276,0.0018613156291561095,0.00083240565487517,0.030184,0.0008191947265455276,0.0003663550190730302,0.03048,0.001614930339054908,0.0007222188034107115,577974.8139506979,11068.87563873615,4950.151672541087,115094.44640431352,5417.816018732637,2422.92098149469,0.023873250023,0.08798916064409024,0.19241999999999998,0.0013807244475274624,0.0006174787445734494,25,5,0.029315844400000002,0.0015436016605182815,0.0006903196486200861,0.029944,0.0010180766179418905,0.0004552977048042298,0.02928,0.0008926365441768542,0.000399199198395988,258122.8905268827,2054.022525850519,918.5867990235158,87018.97235751532,4369.309910213314,1954.0147948000943,0.043666500047,0.08798916064409024,0.085284,0.00030278705388441044,0.0001354104870384867,-2.662890457236435,0.018479923631501013,0.008264473091808208,25,5,0.0,0.0,0.0,0.24184799999999998,0.0018302240300028894,0.000818501069028015,0.24382399999999999,0.0059171344416026435,0.002646222968685754,573933.0320349943,11068.87563873615,4950.151672541087,0.0,0.0,0.0,0.023873250023,0.08798916064409024,0.192696,0.0013349456917792566,0.00059700586261778,25,5,0.0,0.0,0.0,0.24194799999999997,0.0024327186438221735,0.0010879448515434956,0.24065599999999998,0.004123454862127162,0.0018440650747736712,257204.30372785917,0.0,0.0,0.0,0.0,0.0,0.043666500047,0.08798916064409024,0.085992,0.0006292217415188412,0.00028139651739138614,-1.4654705503236671,0.007479667714474804,0.0033450090917352296,25,5
3000,20260805,0.086452024,0.002613612679275558,0.0011688431235431006,0.015012000000000001,0.00031324112118302674,0.00014008568806269943,0.014863999999999999,0.0010204312813707759,0.0004563507423024539,2086085.2091229924,0.0,0.0,617601.0629004223,13078.729866803918,5848.985808306066,0.013214999996,0.1290364100439193,0.282576,0.003136858300911905,0.001402845679324702,25,5,0.0318418736,0.0009179831821143587,0.000410534559481855,0.028999999999999998,0.0006079473661428287,0.0002718823274874638,0.028528000000000005,0.0010992360983883306,0.0004915933278635909,1069746.26698669,0.0,0.0,223049.7600940768,6046.666434366599,2704.151436901997,0.016964999993,0.1290364100439193,0.146812,0.0009225616510564429,0.0004125821130393294,25,5,0.08929549619999999,0.0007504125205176775,0.00033559468140889647,1.2000000000000002e-05,1.788854381999832e-05,8.000000000000001e-06,1.6000000000000003e-05,3.577708763999664e-05,1.6000000000000003e-05,516269.26542629243,8.231806349783991e-11,3.681375715146283e-11,330181.6236678117,2005.8699922854892,897.0523313554664,0.028214999996000002,0.1290364100439193,0.1364,0.0009032718306246557,0.0004039554430874813,0.977357436912077,0.004313322729798532,0.001928976566544895,25,5,0.0,0.0,0.0,0.24156,0.002833125482572188,0.0012670122335636616,0.23992,0.004269332500520435,0.0019093035379425696,2086085.2091229924,0.0,0.0,0.0,0.0,0.0,0.013214999996,0.1290364100439193,0.28362000000000004,0.0017734147850968168,0.0007930952023559326,25,5,0.0,0.0,0.0,0.32536400000000004,0.002045746807403124,0.0009148857852213111,0.32480000000000003,0.0030604574821421738,0.0013686781944635498,1552957.0682336618,1.6463612699567982e-10,7.362751430292566e-11,0.0,0.0,0.0,0.014464999995,0.1290364100439193,0.210076,0.0015286857100136777,0.0006836490327646229,25,5,0.0,0.0,0.0,4.000000000000001e-06,8.94427190999916e-06,4.000000000000001e-06,1.6000000000000003e-05,3.577708763999664e-05,1.6000000000000003e-05,516269.26542629243,8.231806349783991e-11,3.681375715146283e-11,0.0,0.0,0.0,0.028214999996000002,0.1290364100439193,0.13597999999999996,0.0011105854312028404,0.0004966689037980935,0.0243216390221281,0.014635571119145718,0.0065452263823885,25,5,0.04034690040000001,0.0015039332336399763,0.0006725793888080121,0.029456,0.000577477272280044,0.0002582556872558666,0.0284,0.001203993355463391,0.000538442197454842,551300.9135634301,11020.43599741331,4928.488806380371,116550.04785262197,5853.6580402376485,2617.835459001916,0.023980250023,0.1290364100439193,0.18539599999999998,0.0014608490681791892,0.0006533115642631783,25,5,0.0279483376,0.0009935798099432172,0.000444342399220871,0.02978,0.0011588787684654498,0.0005182663407939971,0.030288000000000002,0.001857826687288134,0.0008308453526379024,246088.84125818283,2119.3146148871774,947.7863089193032,82493.57356837235,3293.9414720294044,1473.095409072694,0.047173875051,0.1290364100439193,0.081928,0.0005775119046392041,0.0002582711753177273,-2.6623045511721264,0.007280378559904087,0.0032558842723755125,25,5,0.0,0.0,0.0,0.23992,0.0014828351223248068,0.0006631440265884968,0.237728,0.003245969808855291,0.0014516418291024857,543252.7250443298,0.0,0.0,0.0,0.0,0.0,0.023980250023,0.1290364100439193,0.182572,0.00158490378256852,0.0007087905191239514,25,5,0.0,0.0,0.0,0.24146,0.0018112426673419521,0.0008100123455849287,0.23923199999999997,0.004380538779648,0.0019590364978733796,245314.97697750013,2119.3146148871774,947.7863089193032,0.0,0.0,0.0,0.047173875051,0.1290364100439193,0.08000399999999999,0.0010046292848608336,0.00044928387462716483,-1.4584440734876412,0.00678837410524888,0.0030358531912071615,25,5
4000,20260805,0.08271399959999999,0.0021279869628662673,0.0009516647008404589,0.015228,0.0005979297617613632,0.0002674023186137325,0.015024,0.0011347598864958177,0.0005074800488689187,1952151.7155597457,0.0,0.0,571243.8013384023,20273.4390729479,9066.557580962362,0.013259999996,0.16823622889732903,0.27135999999999993,0.0009520504188329568,0.00042576989090352743,25,5,0.030441719599999993,0.0016567685964004738,0.0007409294409076745,0.028408,0.0007460026809603302,0.00033362254120487724,0.02832,0.002080769088582394,0.0009305482255101029,1038585.573640737,15649.215941238417,6998.542127836491,219761.4259221133,14331.561768076284,6409.269267431129,0.018259999992,0.16823622889732903,0.139424,0.0012335639424042825,0.0005516665659617222,25,5,0.0839370488,0.0008787896843617918,0.00039300669443171005,4.000000000000001e-06,8.944271909999161e-06,4.000000000000001e-06,1.6000000000000003e-05,3.5777087639996646e-05,1.6000000000000003e-05,482850.041518749,0.0,0.0,302592.29163606244,1283.8467534057486,574.1537226615327,0.028259999995999995,0.16823622889732903,0.13059199999999999,0.001237242902586219,0.0005533118469723872,0.9800374873166557,0.0031015764730167508,0.0013870671662158994,25,5,0.0,0.0,0.0,0.241248,0.001980838206416675,0.000885857776395289,0.2408,0.00432074067724505,0.001932293973493682,1952151.7155597457,0.0,0.0,0.0,0.0,0.0,0.013259999996,0.16823622889732903,0.269648,0.002187537428251235,0.000978296478578966,25,5,0.0,0.0,0.0,0.326552,0.0010108016620484896,0.00045204424562203836,0.32675200000000004,0.0038622687633047955,0.0017272591004247136,1468358.48750076,9244.56496441032,4134.29513656688,0.0,0.0,0.0,0.014759999994799999,0.16823622889732903,0.20013200000000003,0.0011011448587719922,0.000492446951457716,25,5,0.0,0.0,0.0,1.6000000000000003e-05,1.6733200530681514e-05,7.483314773547884e-06,0.0,0.0,0.0,489516.708186749,14907.119852980002,6666.666667999991,0.0,0.0,0.0,0.028259999995999995,0.16823622889732903,0.13006399999999999,0.0009375393325082394,0.0004192803358136403,0.015718883237961806,0.012503111213573377,0.005591561320757992,25,5,0.0375477076,0.0024408003191160074,0.0010915590866093143,0.029811999999999998,0.000827840564360072,0.0003702215552881821,0.029311999999999994,0.002126104418884457,0.0009508228015776666,520852.89599718014,0.0,0.0,106812.60423607557,6766.253668316258,3025.9606310724935,0.024087250023,0.16823622889732903,0.176844,0.0009234067359511734,0.0004129600464936045,25,5,0.026440529199999997,0.0014674777502651257,0.0006562760010122562,0.029779999999999994,0.0010400000000000006,0.0004651021393199565,0.029471999999999998,0.0017596363260628596,0.0007869332881509077,232798.79015814528,2022.1214490348057,904.3202037604403,78432.73174106267,4522.595909819281,2022.566377823684,0.048047950051799994,0.16823622889732903,0.07725599999999999,0.0018679614557051256,0.0008353777588612246,-2.667594950375007,0.013606487914004583,0.0060850063821487116,25,5,0.0,0.0,0.0,0.241804,0.0005417379440282816,0.00024227257376764277,0.239648,0.003035575727930382,0.0013575507357001483,520852.89599718014,0.0,0.0,0.0,0.0,0.0,0.024087250023,0.16823622889732903,0.176972,0.002093637982078088,0.0009363033696404181,25,5,0.0,0.0,0.0,0.24098000000000003,0.0016163539216396893,0.0007228554488969427,0.239504,0.0038778963369332157,0.0017342479638160196,232028.29770845274,1678.3472676854662,750.5797160791477,0.0,0.0,0.0,0.0480479500518,0.16823622889732903,0.07916,0.0010336343647538047,0.000462255340693864,-1.4625068720204926,0.006473374019406167,0.0028949808702346466,25,5
5000,20260805,0.07709191559999999,0.001681177511484379,0.0007518454395846009,0.015232,0.0003398823325799665,0.0001519999999999993,0.015744,0.0009918064327276775,0.0004435493208201318,1818221.4961924807,0.0,0.0,524593.8673644525,11083.524575521793,4956.702876231246,0.013304999996,0.2056717652757185,0.257192,0.001026703462544071,0.0004591557469965904,25,5,0.028158871600000003,0.0005375707223433962,0.00024040893557469975,0.029155999999999998,0.001009693022655895,0.00045154844701316327,0.029216000000000002,0.0008492820497337754,0.0003798104790550158,998335.939447318,0.0,0.0,205230.3962221812,7408.595213003568,3313.224502811102,0.018304999992,0.2056717652757185,0.132408,0.001972693589993142,0.000882215393200553,25,5,0.07855221,0.0003172376731103994,0.00014187300041974203,4.000000000000001e-06,8.944271909999161e-06,4.000000000000001e-06,0.0,0.0,0.0,478764.3286672843,8944.271911788,4000.0000007999943,293069.4499765246,5799.382258094958,2593.562591321311,0.028304999995999995,0.2056717652757185,0.125098,0.0006609614209619166,0.00029559093355514,0.978816663914543,0.0019783972152932205,0.0008847661319783855,25,5,0.0,0.0,0.0,0.240828,0.0019209685057282975,0.0008590832322889334,0.241872,0.003916161385847117,0.0017513606139227872,1818221.4961924807,0.0,0.0,0.0,0.0,0.0,0.013304999996,0.2056717652757185,0.25856,0.00302886117212393,0.0013545478950557595,25,5,0.0,0.0,0.0,0.32539199999999996,0.003853922676961747,0.0017235266171428858,0.32419200000000004,0.0030191919448753317,0.0013502236851722078,1430119.7324853204,29211.86975697832,13063.945305294757,0.0,0.0,0.0,0.015804999994,0.2056717652757185,0.19186,0.001701234845634193,0.0007608153521058833,25,5,0.0,0.0,0.0,1.2000000000000002e-05,1.7888543819998323e-05,8.000000000000001e-06,1.6000000000000003e-05,3.577708763999664e-05,1.6000000000000003e-05,474079.810204378,15758.993359170936,7047.636081614794,0.0,0.0,0.0,0.0323049999952,0.2056717652757185,0.12547,0.00032764309850812496,0.00014652644812456546,0.002734419329556133,0.0036661274729718933,0.0016395420487489351,25,5,0.034869700000000003,0.0013865931118017263,0.0006201032910243252,0.029776000000000004,0.0013164649634532608,0.0005887410296556534,0.029824,0.0012085032064500284,0.0005404590641297451,496937.769992741,7430.362168447291,3322.958981218177,100533.32592111698,4533.272344522077,2027.341024574242,0.0255312000246,0.2056717652757185,0.166808,0.001247766003704211,0.000558017920859174,25,5,0.024805937200000003,0.0006064434079724183,0.00027120973694659306,0.02964,0.00069512588787931,0.0003108697476436068,0.029311999999999998,0.0011601379228350387,0.0005188294517469104,220939.1637924634,1470.3422295531818,657.557035093903,73752.14197865457,1773.5145493699922,793.1398182952419,0.050933250055000004,0.2056717652757185,0.073156,0.0010635224492223953,0.00047562169841166885,-2.665506311769382,0.005210837228573584,0.0023303572525554287,25,5,0.0,0.0,0.0,0.24306799999999998,0.002567473466269898,0.001148209040201301,0.24232,0.007274063513607771,0.0032530600978155884,499787.183812009,2548.5931978921394,1139.7655274960794,0.0,0.0,0.0,0.024194250022999998,0.2056717652757185,0.16899999999999998,0.0016632498309033395,0.0007438279370929795,25,5,0.0,0.0,0.0,0.242172,0.0016284102677151084,0.0007282472107739226,0.24064000000000002,0.002399999999999995,0.0010733126291998967,222254.2778626512,1800.794104835726,805.3396063787133,0.0,0.0,0.0,0.050933250055000004,0.2056717652757185,0.074244,0.0006522882798272511,0.00029171218692402765,-1.4654155349854558,0.009110519301914127,0.0040743480938807836,25,5
6000,20260805,0.07469374919999999,0.0013664300160824944,0.0006110860804913177,0.014984,0.0006165062854505219,0.0002757099925646513,0.015311999999999997,0.0007388639928972051,0.00033043002284901445,1791570.8825978022,0.0,0.0,523791.89081045764,6796.350702185676,3039.42043380312,0.014599999994999998,0.24142242497081626,0.246644,0.0012844765470805728,0.000574435374955274,25,5,0.0266845708,0.0014638247811794985,0.0006546423435732227,0.029268,0.0006600909028308123,0.0002952016260117809,0.029887999999999998,0.0016224426029909354,0.000725578389975887,940944.3277103,0.0,0.0,189659.26989819465,9861.942397645515,4410.394718264526,0.018349999992,0.24142242497081626,0.12782,0.0014253420642077442,0.0006374323493516771,25,5,0.074357776,0.000632098379810454,0.00028268298914473116,0.0,0.0,0.0,0.0,0.0,0.0,468516.6153709415,0.0,0.0,284632.32989015913,1595.3230911936296,713.4501755968104,0.033349999995,0.24142242497081626,0.12020800000000001,0.001073554842567436,0.0004801083211109743,0.9829788279015341,0.0038003602088789615,0.0016995727532077315,25,5,0.0,0.0,0.0,0.24181599999999998,0.001966234980870806,0.000879327015393024,0.240288,0.003395337980231122,0.001518441306076725,1791570.8825978022,0.0,0.0,0.0,0.0,0.0,0.014599999994999998,0.24142242497081626,0.244616,0.0014651552818728923,0.0006552373615721304,25,5,0.0,0.0,0.0,0.32594,0.0008039900496896516,0.0003595552808678989,0.32785600000000004,0.004503296570291588,0.00201393545080273,1344419.7329911205,0.0,0.0,0.0,0.0,0.0,0.015849999994,0.24142242497081626,0.18282400000000001,0.0014497861911330274,0.0006483640952427903,25,5,0.0,0.0,0.0,0.0,0.0,0.0,0.0,0.0,0.0,468516.6153709415,0.0,0.0,0.0,0.0,0.0,0.033349999995,0.24142242497081626,0.119686,0.00020156884679930397,9.01443287178969e-05,0.02363626840945656,0.013580559180980513,0.0060734107002262585,25,5,0.0323400276,0.001662719347992558,0.0007435906979230976,0.029712,0.0005520144925633734,0.000246868385987351,0.031008,0.001727518451420997,0.0007725697379525035,468122.45602479705,0.0,0.0,91769.32448099751,5014.447378138304,2242.529041422568,0.027658125026999998,0.24142242497081626,0.16016000000000002,0.002034453243503025,0.0009098351499035391,25,5,0.0241489784,0.0009234132869819443,0.00041296297620362977,0.029731999999999998,0.00082007316746739,0.00036674786979613063,0.029008,0.000665972972424558,0.0002978321675037809,210600.54548360192,1463.9910957578022,654.71672171377,70519.04030495691,2174.1914031706297,972.3279547170359,0.0518276250558,0.24142242497081626,0.07092000000000001,0.0006452906321960671,0.0002885827437668441,-2.6634993908179148,0.011456744673812394,0.005123611978300633,25,5,0.0,0.0,0.0,0.24176800000000004,0.003353434060780082,0.001499701303593485,0.24110399999999998,0.005955944929228292,0.0026635795463999267,468122.45602479705,0.0,0.0,0.0,0.0,0.0,0.027658125026999998,0.24142242497081626,0.160704,0.0016627326904827499,0.0007435966648661092,25,5,0.0,0.0,0.0,0.241288,0.0012116600183219636,0.0005418708333173102,0.241472,0.0037256301480420753,0.001666152454008937,210033.12432471834,195.19881275291425,87.29556288855382,0.0,0.0,0.0,0.0538417500582,0.24142242497081626,0.071,0.0011260550608207388,0.0005035871324805663,-1.4678340962323368,0.004909403994730977,0.0021955522122454967,25,5
7000,20260805,0.07185098479999999,0.0030159326746045235,0.0013487660951956935,0.014684,0.0005367308450238352,0.00024003333101884003,0.014784,0.0014701292460188662,0.0006574617859617394,1711113.2358988062,0.0,0.0,508518.4134980552,20380.07302283536,9114.245733093898,0.014644999995,0.27556403992501,0.234396,0.0020666107519317725,0.0009242164248702795,25,5,0.0259805208,0.0008801914586890744,0.0003936335869686936,0.029103999999999998,0.0010525587869568143,0.0004707185995900311,0.02888,0.0012762444906835064,0.0005707538874155834,911546.5035569504,9938.079907949545,4444.444448000007,189392.75238506374,8175.479637247494,3656.1856435101436,0.019644999991,0.27556403992501,0.12103599999999999,0.000857134761866541,0.000383322318682336,25,5,0.0694581436,0.0007082505235654987,0.00031673926315845436,1.2000000000000002e-05,1.0954451150103323e-05,4.898979485566356e-06,1.6000000000000003e-05,3.577708763999664e-05,1.6000000000000003e-05,448457.98400009004,0.0,0.0,265467.6748528972,829.2696868919072,370.86067831405416,0.033394999995,0.27556403992501,0.11510799999999999,0.0010169169090933643,0.0004547790672403473,0.9803872201010224,0.0019999403544232984,0.0008944005166871034,25,5,0.0,0.0,0.0,0.24072,0.0015074481748969105,0.0006741513183254967,0.24027199999999999,0.004501946245791924,0.0020133315673281434,1711113.2358988062,0.0,0.0,0.0,0.0,0.0,0.014644999995,0.27556403992501,0.23714399999999997,0.0016412434310607577,0.0007339863758953688,25,5,0.0,0.0,0.0,0.326044,0.002311120940150045,0.0010335647052797446,0.326032,0.0063745995952687136,0.002850807604872698,1290721.298465298,0.0,0.0,0.0,0.0,0.0,0.015894999994,0.27556403992501,0.17569600000000002,0.0014489582464653765,0.0006479938271310952,25,5,0.0,0.0,0.0,0.0,0.0,0.0,0.0,0.0,0.0,448457.98400009004,0.0,0.0,0.0,0.0,0.0,0.033394999995,0.27556403992501,0.114904,0.0012049190844202057,0.0005388561960300775,0.006947455096041053,0.00856670157892004,0.0038311454146839974,25,5,0.0316266568,0.0012190386996191714,0.0005451706799102828,0.029924,0.0008266075247661387,0.0003696701232179854,0.030223999999999994,0.0013283373065603454,0.0005940505029035819,451984.5825556908,5.820766091346741e-11,2.6031257322754125e-11,90493.83703998453,3507.7542713206203,1568.7153998076296,0.027779625026999998,0.2755640399250099,0.153088,0.0015181962982434222,0.0006789580252121673,25,5,0.0228598932,0.001555823412174142,0.0006957853821214111,0.029052,0.0005888293470947255,0.00026333248945012487,0.028688,0.000992129023867359,0.0004436935879635852,201133.13923646644,1263.33531421045,564.9807281901244,67015.44537854427,4050.6657043201126,1811.512773797367,0.05475062505899999,0.2755640399250099,0.06751599999999999,0.0011337019008540105,0.0005070069033060588,-2.6626276284648966,0.016674922961486937,0.00745725225229138,25,5,0.0,0.0,0.0,0.24242,0.0016955235179731474,0.0007582611687275088,0.24295999999999998,0.0019481273059017569,0.0008712290169639711,451984.5825556908,5.820766091346741e-11,2.6031257322754125e-11,0.0,0.0,0.0,0.027779625026999998,0.2755640399250099,0.153152,0.0009196303605253518,0.00041127120006146517,25,5,0.0,0.0,0.0,0.24112000000000006,0.002595226387042182,0.0011606205236854997,0.239952,0.004946627133714456,0.0022121989060660927,201133.13923646644,1263.33531421045,564.9807281901244,0.0,0.0,0.0,0.05475062505899999,0.2755640399250099,0.069116,0.0013971685653492146,0.0006248327776293401,-1.4577759429880097,0.009226214783722033,0.004126088686283197,25,5
8000,20260805,0.069455606,0.0009457992359089742,0.00042297427691196526,0.014891999999999999,0.000461215784638817,0.0002062619693496596,0.014528,0.0006029261978053375,0.00026963679274164383,1646657.7705597752,35777.08766861832,16000.000012800005,492253.1837650429,17851.738596926818,7983.540203857016,0.014689999995,0.3081690290810635,0.225116,0.0022247876303144,0.0009949552753767338,25,5,0.024908592400000002,0.0008083243383164944,0.00036149363366864387,0.028936000000000007,0.0007027659638884053,0.00031428649350552734,0.0288,0.0010866462165764908,0.00048596296155159843,866893.336867809,9938.079907949545,4444.444448000007,179788.51523104805,5922.241735975547,2648.507020165537,0.019689999991,0.3081690290810635,0.11571200000000001,0.0007795639806969066,0.00034863161072972343,25,5,0.0649779482,0.000462518110997511,0.00020684438740304554,4.000000000000001e-06,8.94427190999916e-06,4.000000000000001e-06,0.0,0.0,0.0,428399.45288807375,0.0,0.0,247896.09574156866,1233.3744124597831,551.5818055937877,0.033439999995,0.3081690290810635,0.11000399999999999,0.0008596103768568617,0.0003844294473632309,0.9794922279389393,0.003465511939104684,0.0015498240545350369,25,5,0.0,0.0,0.0,0.24229599999999998,0.0019545536574880618,0.0008741029687628294,0.24136000000000002,0.005016452930109075,0.0022434259515303786,1630657.770546975,0.0,0.0,0.0,0.0,0.0,0.014689999995,0.3081690290810635,0.224084,0.0019335666525878948,0.0008647172948426505,25,5,0.0,0.0,0.0,0.327052,0.0017662162947951693,0.0007898759396259612,0.32792000000000004,0.0015377906229393115,0.0006877208736108095,1237624.1741003625,34336.83367064575,15355.898843933503,0.0,0.0,0.0,0.0169399999932,0.3081690290810635,0.16617600000000002,0.0013170725112916187,0.0005890127333088838,25,5,0.0,0.0,0.0,1.6000000000000003e-05,1.6733200530681514e-05,7.483314773547884e-06,0.0,0.0,0.0,428399.45288807375,0.0,0.0,0.0,0.0,0.0,0.033439999995,0.3081690290810635,0.10962399999999999,0.0014700442170220587,0.0006574237598383553,0.004749528260860516,0.008199037078149776,0.0036667208513568306,25,5,0.0316728648,0.002031149940977575,0.0009083578681041085,0.028864,0.00044122556589572135,0.00019732207175072916,0.028528000000000005,0.0019795757121161108,0.0008852931717798355,424733.7058835185,6289.625421741612,2812.8059992050053,89657.75394489885,5702.102333095644,2550.0576862924017,0.027901125026999995,0.3081690290810636,0.14597600000000002,0.0014133223270011712,0.0006320569594585611,25,5,0.0217307256,0.0009387291438955129,0.0004198124356421097,0.029392,0.0007990744646151562,0.0003573569643927479,0.030463999999999998,0.0014624910256134892,0.0006540458699510295,190989.52734670238,1348.0576336941556,602.8697013055286,62502.081723351126,2759.165713835065,1233.9364194643874,0.058374000062999996,0.3081690290810636,0.065468,0.001347263893971781,0.0006025147301103942,-2.6590666686772217,0.006268183625995837,0.0028032169366355615,25,5,0.0,0.0,0.0,0.24126000000000003,0.0012206555615733694,0.0005458937625582468,0.241216,0.0046446183912136445,0.002077136490459884,421920.8998843135,0.0,0.0,0.0,0.0,0.0,0.027901125026999995,0.3081690290810636,0.14649600000000002,0.0004613892066357786,0.0002063395260244596,25,5,0.0,0.0,0.0,0.241624,0.0026818799376556813,0.0011993731696182002,0.24027199999999999,0.004159846151001249,0.0018603397539159294,190989.52734670238,1348.0576336941554,602.8697013055285,0.0,0.0,0.0,0.058374000062999996,0.3081690290810636,0.06534,0.001403638130003598,0.0006277260548997464,-1.4636001302566268,0.013539088157476826,0.006054864294696112,25,5
9000,20260805,0.06477567440000001,0.001239525436630807,0.0005543326272293184,0.0152,0.00028635642126552705,0.00012806248474865695,0.015488000000000002,0.0007257547795226716,0.00032456740440161316,1550204.4709834848,0.0,0.0,450493.026740967,5159.753123873152,2307.511746419452,0.014734999995000001,0.339306551992404,0.214724,0.0022691584343099594,0.001014798502166812,25,5,0.024433775600000002,0.0005833772840047863,0.00026089425271278057,0.028616000000000003,0.001087418962497895,0.0004863085440335175,0.028192000000000005,0.0007911510601648732,0.00035381351019993647,826396.3003647943,5903.076495627814,2639.9360641210064,174880.44941166416,4126.957818228811,1845.6316443667686,0.0202349999906,0.339306551992404,0.111544,0.0011285743218769427,0.0005047137802755143,25,5,0.0605946874,0.0003893195657083026,0.00017410900277889212,4.000000000000001e-06,8.94427190999916e-06,4.000000000000001e-06,1.6000000000000003e-05,3.577708763999664e-05,1.6000000000000003e-05,408341.0217779506,4.1159031748919956e-11,1.8406878575731415e-11,230949.73927096435,1200.1088479160496,536.7049928678488,0.033484999995,0.339306551992404,0.10489200000000001,0.00048173644246620725,0.00021543908651867116,0.9779964961548171,0.0034398761901543048,0.0015383593990736036,25,5,0.0,0.0,0.0,0.2404,0.0012791403363196657,0.0005720489489545431,0.23923200000000003,0.0047022037386740285,0.002102889440745757,1550204.4709834848,0.0,0.0,0.0,0.0,0.0,0.014734999995000001,0.339306551992404,0.214536,0.0016290733562366031,0.0007285437529757551,25,5,0.0,0.0,0.0,0.32540800000000003,0.0033999294110319046,0.0015204946563536323,0.324736,0.0028093557980433982,0.0012563821074816418,1182240.2731188866,0.0,0.0,0.0,0.0,0.0,0.017234999993,0.339306551992404,0.15922799999999998,0.0013205756320635287,0.0005905793765447601,25,5,0.0,0.0,0.0,8.000000000000001e-06,1.0954451150103324e-05,4.898979485566357e-06,0.0,0.0,0.0,408341.0217779506,5.0409313045933295e-11,2.2543730133954764e-11,0.0,0.0,0.0,0.033484999995,0.339306551992404,0.105456,0.0013528229743761699,0.0006050008264457143,0.014174876167675815,0.020730410544598666,0.00927092143584021,25,5,0.0285385304,0.0009886568851744275,0.0004421408003346448,0.030368,0.0012405321438801972,0.000554782840397934,0.030479999999999997,0.00120797350964332,0.0005402221765162922,409618.686535414,0.0,0.0,81880.47394265296,3072.2074239747067,1373.9329281973921,0.031423000031,0.339306551992404,0.13918,0.0019074590428106216,0.0008530416168042463,25,5,0.0201729036,0.0010858715738607408,0.00048561653079746,0.029328,0.0008204389069272612,0.00036691143345499584,0.028704,0.001892638370106661,0.00084641361047658,181640.8655218913,0.0,0.0,58891.40325183127,3109.868245275145,1390.7753595006427,0.062026375067,0.339306551992404,0.061383999999999994,0.0007206108519860011,0.0003222669700729475,-2.6532941655540747,0.009488732004878387,0.0042434899566371875,25,5,0.0,0.0,0.0,0.24112400000000003,0.0018413799173446095,0.0008234901335170982,0.23980800000000002,0.004761377951811855,0.002129352953364005,405417.46923764265,5752.75370742575,2572.7096695235823,0.0,0.0,0.0,0.031423000031,0.339306551992404,0.13946799999999998,0.0015066917402043573,0.0006738130304468792,25,5,0.0,0.0,0.0,0.24115199999999998,0.0007731235347601274,0.00034575135574571326,0.23988799999999996,0.0016224426029909375,0.000725578389975888,181208.38727066555,967.0507685741136,432.478251245027,0.0,0.0,0.0,0.061346300066199996,0.339306551992404,0.06233599999999999,0.0007772258359061372,0.0003475859605910439,-1.4673041797321864,0.008628782002829396,0.0038589086242706624,25,5
10000,20260805,0.06308352879999998,0.0009429716962079024,0.0004217097627158301,0.015084,0.0004484194465007069,0.00020053927296168216,0.014528,0.00034687173421886025,0.00015512575543732228,1469753.3217971276,0.0,0.0,436231.4742133038,5309.826914378458,2374.6267858616375,0.014779999994999998,0.36904265551980675,0.204576,0.002730838699008078,0.00122126819331383,25,5,0.0227154352,0.0004000266389944544,0.00017889735152047364,0.029311999999999998,0.0005588559742903354,0.00024992798962901295,0.029024,0.0008530416168042438,0.0003814918085621232,794674.0790972617,0.0,0.0,164342.7090168193,3660.2248319372493,1636.9023074288864,0.02102999999,0.36904265551980675,0.10626799999999999,0.0010643871476112437,0.00047600840328716873,25,5,0.05772719159999999,0.0004186665611364243,0.00018723337812142328,1.2000000000000002e-05,1.788854381999832e-05,8.000000000000001e-06,0.0,0.0,0.0,390291.3608621679,4491.523667268349,2008.6704485122348,217115.40658841786,3523.3023002524014,1575.6686897291488,0.034529999994800005,0.36904265551980675,0.10161999999999997,0.0006303967004989767,0.0002819219750214575,0.9793342683143329,0.003424212443815621,0.0015313543587544814,25,5,0.0,0.0,0.0,0.24209199999999997,0.0018229975315397376,0.000815269280667434,0.24110399999999998,0.00263721064763512,0.0011793964558196746,1469753.3217971276,0.0,0.0,0.0,0.0,0.0,0.014779999994999998,0.36904265551980675,0.20596399999999998,0.0010802221993645449,0.0004830900537166905,25,5,0.0,0.0,0.0,0.324568,0.0012061177388629908,0.0005393922505931974,0.3219519999999999,0.003122358083244114,0.001396360984845957,1136231.3768545957,17036.708413627744,7619.047625142848,0.0,0.0,0.0,0.017279999993,0.36904265551980675,0.152972,0.0017442820872783117,0.0007800666638179052,25,5,0.0,0.0,0.0,8.000000000000001e-06,1.0954451150103323e-05,4.898979485566356e-06,3.2000000000000005e-05,4.381780460041329e-05,1.9595917942265424e-05,390291.3608621679,4491.523667268349,2008.6704485122348,0.0,0.0,0.0,0.034529999994800005,0.36904265551980675,0.10109000000000001,0.0007203471385380803,0.0003221490338337212,0.03231042869432397,0.02204179584720319,0.009857390772103779,25,5,0.0271217496,0.0008010282610387739,0.0003582307287162289,0.02974,0.00047707441767506204,0.00021335416564951317,0.03064,0.0008039900496896704,0.00035955528086790734,386962.5007913533,0.0,0.0,76878.55237426411,1756.5692684615933,785.56165829344,0.031559000031,0.36904265551980675,0.132852,0.0015851561437284203,0.0007089033784656349,25,5,0.019826638,0.0009114158828778436,0.00040759757397756897,0.029255999999999997,0.0006434904816700877,0.0002877776919776797,0.030015999999999998,0.0016737024825219087,0.0007485025050058282,172735.24810038242,1069.9383846290802,478.4909919533879,57481.25123560968,1819.5719637055822,813.7373201596923,0.0629758500678,0.36904265551980675,0.058736,0.00109821673635034,0.0004911374553014649,-2.66109046753583,0.0070980497346546335,0.003174344342872421,25,5,0.0,0.0,0.0,0.243056,0.0010392689738465296,0.0004647752144854582,0.244528,0.0023816632843456087,0.0010651122006624383,386962.5007913533,0.0,0.0,0.0,0.0,0.0,0.031559000031,0.36904265551980675,0.13292,0.0004354308211415443,0.00019473058311420913,25,5,0.0,0.0,0.0,0.24008,0.0017511139311878004,0.0007831219572965621,0.23891199999999996,0.003187274697919829,0.001425392577502769,173165.88999316483,1139.8736100130507,509.7669755494532,0.0,0.0,0.0,0.062292875067,0.36904265551980675,0.059787999999999994,0.0007066257849809864,0.00031601265797432705,-1.4690425734030934,0.012402999240639194,0.005546789885389502,25,5
11000,20260805,0.05878549200000001,0.0019589906104803003,0.0008760872344635526,0.015068000000000002,0.00025203174403237326,0.0001127120224288427,0.015279999999999998,0.0012849902723367213,0.0005746651198741753,1449276.344740941,0.0,0.0,426281.4958150113,14568.80056927585,6515.365684707687,0.016074999994,0.39744041392564233,0.193992,0.0018787549068465367,0.0008402047369540282,25,5,0.0220238924,0.0006785281991964683,0.00030344703561076427,0.028971999999999998,0.0005492904514007137,0.00024565015774470806,0.028448,0.0010393844332103502,0.00046482684948268656,761497.4219139398,4151.516704545931,1856.6147122181223,159981.2075775709,5578.658473436856,2494.851913972003,0.021324999989799996,0.39744041392564233,0.10130000000000002,0.001338207756665605,0.000598464702384358,25,5,0.0541561168,0.0007698131246342835,0.00034427089533075515,2.4000000000000004e-05,1.6733200530681514e-05,7.483314773547884e-06,1.6000000000000003e-05,3.577708763999664e-05,1.6000000000000003e-05,375616.8828751536,5962.8479411920525,2666.666667200019,206259.08234715136,3325.8339210094427,1487.3581458503559,0.038574999994,0.39744041392564233,0.09689800000000001,0.0011162302629834067,0.0004991933493146729,0.9810100908209399,0.0031086647210990873,0.0013902371271265967,25,5,0.0,0.0,0.0,0.24114,0.0021619898242128703,0.0009668712427205597,0.24220800000000003,0.005201415192041491,0.002326143589720979,1449276.344740941,0.0,0.0,0.0,0.0,0.0,0.016074999994,0.39744041392564233,0.19591600000000003,0.0014735942453742246,0.0006590113807818542,25,5,0.0,0.0,0.0,0.32646000000000003,0.0011320777358467733,0.000506280554633487,0.326128,0.003566331448421464,0.0015949119097931356,1067366.4651948363,0.0,0.0,0.0,0.0,0.0,0.017324999993,0.39744041392564233,0.145232,0.0011998833276614818,0.0005366041371439454,25,5,0.0,0.0,0.0,1.6000000000000003e-05,2.6076809620810595e-05,1.16619037896906e-05,0.0,0.0,0.0,372950.2162079535,7302.967434862861,3265.986324364125,0.0,0.0,0.0,0.038574999994,0.39744041392564233,0.09654,0.0012065653732807016,0.0005395924387906115,0.010747407532471758,0.011877827708344982,0.005311926036177985,25,5,0.0268789984,0.0003036374187263484,0.00013579078175693653,0.029344000000000002,0.00035082759298550066,0.00015689486925964157,0.029408,0.0003229860678109824,0.00014444376068214267,364497.90371456055,0.0,0.0,75078.09415150818,749.9465353421115,335.3862865030819,0.031695000031,0.3974404139256422,0.127144,0.0010013391034010416,0.00044781246074668393,25,5,0.0181044284,0.0006456777215211933,0.00028875585537571337,0.029627999999999998,0.0009605831562129344,0.0004295858470666841,0.029392,0.0008209263060713802,0.00036712940497868085,163904.939708884,2.0579515874459978e-11,9.203439287865707e-12,51958.024759078995,1123.9385053025196,502.6405800771883,0.065988750071,0.3974404139256422,0.05636399999999999,0.0011952740271586248,0.000534542795293323,-2.6502727421062082,0.008595331618093794,0.003843949157442197,25,5,0.0,0.0,0.0,0.240816,0.001967302722002903,0.0008798045237437724,0.24257599999999999,0.004705537163810312,0.0021043801937862838,364497.90371456055,0.0,0.0,0.0,0.0,0.0,0.031695000031,0.3974404139256422,0.12682800000000002,0.001971222970645384,0.0008815577122344301,25,5,0.0,0.0,0.0,0.241864,0.001553730993447709,0.0006948496240194715,0.24163199999999999,0.005459553095263383,0.0024415863695556616,163945.063317125,89.71911552940195,40.123608240979955,0.0,0.0,0.0,0.0666746250718,0.3974404139256422,0.056336,0.0007724506456725888,0.00034545043059750245,-1.4598119857839107,0.009384959596479973,0.004197081524763643,25,5
12000,20260805,0.056103955999999996,0.0011893425055609496,0.000531890138192841,0.015187999999999998,0.0005303960784168732,0.0002372003372678875,0.015824,0.0007449026782070263,0.0003331306050185124,1395585.5866525199,0.0,0.0,406989.6472915388,8427.954421564162,3769.095799577477,0.016119999994,0.4245600626628431,0.187308,0.0013520059171468258,0.0006046354273444502,25,5,0.020744146800000002,0.001430863396101529,0.0006399015640398453,0.029252,0.000999759971193085,0.00044710625135419387,0.029008,0.002370890128200797,0.0010602942987680344,730194.6837128435,7966.873570085054,3562.894174171323,151276.27564634685,9668.999988118805,4324.108249575661,0.022369999988999998,0.4245600626628431,0.096936,0.001487037323001682,0.0006650233078622144,25,5,0.05038222360000001,0.0010192839197413555,0.00045583762658282215,4.000000000000001e-06,8.94427190999916e-06,4.000000000000001e-06,0.0,0.0,0.0,356907.7849660461,7302.967434862799,3265.986324364097,191472.10015786777,4569.271105566932,2043.4401599346556,0.038619999994,0.4245600626628431,0.092226,0.001603879671297076,0.000717276794550056,0.977935625071448,0.004329341353029584,0.001936140312635013,25,5,0.0,0.0,0.0,0.24003999999999998,0.0018132291636745734,0.0008109007337522877,0.24136000000000002,0.0028888752136428638,0.0012919442712439342,1395585.5866525199,0.0,0.0,0.0,0.0,0.0,0.016119999994,0.4245600626628431,0.188256,0.0021797889806125697,0.0009748312674509353,25,5,0.0,0.0,0.0,0.325456,0.002123365253553911,0.0009495978096015242,0.32420799999999994,0.005293497898365516,0.002367324227899513,1042327.1576042374,15649.215941238483,6998.54212783652,0.0,0.0,0.0,0.018619999992,0.4245600626628431,0.139404,0.0009424860741676794,0.0004214925859371679,25,5,0.0,0.0,0.0,0.0,0.0,0.0,0.0,0.0,0.0,359574.45163324615,7302.967434862798,3265.9863243640966,0.0,0.0,0.0,0.038619999994,0.4245600626628431,0.09218200000000001,0.0014032711783543402,0.0006275619491333072,0.006742455966891062,0.010739966081410358,0.00480305884681512,25,5,0.0258369652,0.0018689398183497526,0.000835815295937231,0.029452,0.0013103129397208902,0.0005859897610026989,0.029136000000000002,0.0022918289639499707,0.0010249370712390098,348444.702149001,3607.157594445251,1613.1699173468398,72783.27519178238,5387.474614250018,2409.3518929034994,0.035274875035,0.4245600626628431,0.121076,0.0012570123308862206,0.0005621530040834095,25,5,0.0184233908,0.000419921040507857,0.00018779439835160222,0.029936,0.0010918241616670685,0.00048827860899285704,0.030079999999999996,0.0013517396198972622,0.0006045163355940011,156222.7709435303,1200.7193555390554,536.9780201770133,52681.26313081097,811.487253079759,362.90813215218327,0.069713625075,0.4245600626628431,0.053967999999999995,0.0010844906638602283,0.000484998969071069,-2.6696539699107573,0.003844273270875219,0.0017192112715524903,25,5,0.0,0.0,0.0,0.23972800000000002,0.0018521123076098817,0.0008282898043559392,0.238528,0.004210691154668071,0.0018830783308189773,350057.87206634774,4417.847764098043,1975.7215829537356,0.0,0.0,0.0,0.035274875035,0.4245600626628431,0.12136,0.0011309288218097487,0.000505766744656069,25,5,0.0,0.0,0.0,0.241848,0.002903983471027331,0.0012987008893505807,0.241936,0.004482285131492637,0.002004538849710824,155883.15622408883,759.4015988305824,339.6147194414414,0.0,0.0,0.0,0.069713625075,0.4245600626628431,0.054099999999999995,0.0008063498000247812,0.00036061059329975446,-1.4656305613919427,0.008637388231214951,0.00386275744661066,25,5
13000,20260805,0.0550816336,0.0017865639826725483,0.0007989757022817148,0.01502,0.00041109609582188955,0.00018384776310850244,0.014512,0.0013201212065564283,0.0005903761512798429,1320563.001428248,29211.86975697832,13063.945305294757,394329.1166207233,20479.844495964568,9158.864892320338,0.016164999994,0.4504591261423755,0.17862,0.0014174625215503888,0.0006339085107489859,25,5,0.019369026,0.0007929007411662574,0.00035459599133154347,0.029412000000000004,0.0006841929552399659,0.0003059803915286069,0.029744,0.0010694297545888627,0.00047826352568432293,692223.9234492152,0.0,0.0,140724.92700236314,3574.9775692660396,1598.7785725831654,0.022414999988999998,0.4504591261423755,0.092436,0.0011659674094930757,0.0005214364774351702,25,5,0.04761523000000001,0.0006595778710019781,0.00029497219120300206,4.000000000000001e-06,8.94427190999916e-06,4.000000000000001e-06,0.0,0.0,0.0,338198.7487930637,0.0,0.0,178189.70824595314,1183.3396661651066,529.2055868034172,0.038664999994,0.4504591261423755,0.08863800000000001,0.0009452883158063393,0.0004227457864958527,0.9784544393998935,0.0040520043803948845,0.0018121114479379755,25,5,0.0,0.0,0.0,0.24175999999999997,0.0009976973488989452,0.00044618381862187326,0.24180800000000002,0.001989251115369795,0.0008896201436568276,1309896.3347530481,29211.86975697832,13063.945305294757,0.0,0.0,0.0,0.016164999994,0.4504591261423755,0.17940399999999998,0.0012255937336654295,0.0005481021802547345,25,5,0.0,0.0,0.0,0.32546400000000003,0.0008182175749762401,0.00036591802360638075,0.32569599999999993,0.0009370592297181636,0.000419065627318681,984941.5750169497,15649.215941238353,6998.542127836462,0.0,0.0,0.0,0.018664999992,0.4504591261423755,0.132656,0.002143100557603397,0.0009584237058837797,25,5,0.0,0.0,0.0,1.6000000000000003e-05,2.190890230020665e-05,9.797958971132714e-06,1.6000000000000003e-05,3.5777087639996646e-05,1.6000000000000003e-05,338198.7487930637,0.0,0.0,0.0,0.0,0.0,0.038664999994,0.4504591261423755,0.08794600000000001,0.0009281325336394539,0.00041507348746938584,0.018539490634719047,0.01878112522368498,0.008399174538819111,25,5,0.0236959796,0.0007552312363871064,0.0003377496766585565,0.029703999999999998,0.0005086059378339985,0.00022745549015137052,0.030863999999999996,0.0008455057657993811,0.00037812167353908657,332526.1137606636,4399.324962925449,1967.437934442609,66107.08617920763,1350.9162460727127,604.1481116254838,0.035425375035,0.4504591261423755,0.11694800000000001,0.0017639501126732607,0.0007888624721711648,25,5,0.0175244424,0.0008953206746584152,0.0004003995780394379,0.029576,0.0008508113774509597,0.0003804944152021155,0.029328,0.0022181794336797915,0.000992,148533.4036747397,833.5563087648237,372.7777138943899,49679.221177201835,2357.7305128896546,1054.4091398893422,0.07346750007899999,0.4504591261423755,0.05176000000000001,0.0003663331816802841,0.00016382917933017917,-2.6673099454531695,0.0072166306249424736,0.003227375329175632,25,5,0.0,0.0,0.0,0.241608,0.00243082701976097,0.0010870988915457507,0.240768,0.004442557821795913,0.0019867722567018116,335738.9264539834,3592.03379061863,1606.4063466599005,0.0,0.0,0.0,0.035425375035,0.4504591261423755,0.11644399999999999,0.0009831988608618298,0.00043969989765748176,25,5,0.0,0.0,0.0,0.240652,0.0015058950826667787,0.0006734567543651165,0.238992,0.0032666068021725597,0.0014608709730842102,148837.77540358048,680.5958761172058,304.3717288408195,0.0,0.0,0.0,0.07346750007899999,0.4504591261423755,0.052076,0.00101008910498035,0.0004517255804135968,-1.4622431617753602,0.012249815859427209,0.0054782841947068495,25,5
14000,20260805,0.05116181399999999,0.0011583547646036607,0.0005180319991429105,0.015612000000000001,0.00034193566646373785,0.00015291827882892259,0.015648000000000002,0.0009492734063482462,0.0004245279731654918,1234875.2462423928,0.0,0.0,357611.44012206426,5931.862348057637,2652.809488685679,0.016209999994,0.47519253975022746,0.170248,0.0008251787685102059,0.0003690311639956766,25,5,0.018510457200000004,0.00021880636544488488,9.785318140888471e-05,0.029356,0.0003829882504725185,0.00017127755252805345,0.029504000000000002,0.00038946116622841934,0.00017417232845661819,667994.436885601,6639.06130840417,2969.0784784760835,137579.5909693784,2442.785909553092,1092.4470696478734,0.023709999988,0.47519253975022746,0.087676,0.0014143832578194671,0.0006325314221443879,25,5,0.0447869948,0.0003896461074978183,0.00017425503670666245,8.000000000000001e-06,1.0954451150103323e-05,4.898979485566356e-06,0.0,0.0,0.0,324823.10755596793,0.0,0.0,168612.20600855598,1008.1894323498619,450.87602098624336,0.038709999994,0.47519253975022746,0.084566,0.0007086113180016286,0.00031690061533547236,0.9802542105365989,0.003617375749025302,0.0016177396149959589,25,5,0.0,0.0,0.0,0.239884,0.002511987261114196,0.0011233948548929713,0.239504,0.0022237985520275716,0.0009945129461198506,1234875.2462423928,0.0,0.0,0.0,0.0,0.0,0.016209999994,0.47519253975022746,0.17084400000000002,0.0012742370266163197,0.0005698561221922599,25,5,0.0,0.0,0.0,0.32662,0.0018986837546047458,0.0008491171886141482,0.32454399999999994,0.004424441207655506,0.0019786702605537948,942478.0592315724,7809.807253480349,3492.651981990598,0.0,0.0,0.0,0.0189599999918,0.47519253975022746,0.125948,0.001492755840718781,0.0006675807067314085,25,5,0.0,0.0,0.0,4.000000000000001e-06,8.94427190999916e-06,4.000000000000001e-06,1.6000000000000003e-05,3.577708763999664e-05,1.6000000000000003e-05,324823.10755596793,0.0,0.0,0.0,0.0,0.0,0.038709999994,0.47519253975022746,0.08493,0.0005287248812000473,0.00023645295515176126,0.014928128460382117,0.013883858136275275,0.006209050116535011,25,5,0.024214628,0.0005641779019795093,0.0002523080280458792,0.029547999999999998,0.0008348173452917705,0.00037334166657366255,0.02864,0.0008294576541331122,0.00037094473981982964,317380.3321337509,5257.148201989357,2351.0681494877995,67336.91856214826,1692.4776973103626,756.8990363176567,0.0376596000374,0.47519253975022746,0.111816,0.0022406873945287386,0.00100206586609863,25,5,0.0168437084,0.0008043111591410392,0.00035969888538020295,0.03014,0.0008390470785361199,0.00037523326078587373,0.030288000000000002,0.0012166840181411101,0.0005441176343402218,141779.0596595449,751.0211717330528,335.86687850732994,47924.30085595238,2142.1654575425155,958.0055164234008,0.07725037508299999,0.47519253975022746,0.049292,0.00076584593750963,0.0003424967153127177,-2.66558705069168,0.01115292349200413,0.004987739015195113,25,5,0.0,0.0,0.0,0.24112799999999995,0.002546864739243118,0.0011389925372889775,0.23967999999999998,0.006582400777831741,0.0029437391188758526,318020.2118356298,4140.718853799597,1851.7857665621825,0.0,0.0,0.0,0.0376596000374,0.47519253975022746,0.111648,0.0014542764523982376,0.0006503722011279393,25,5,0.0,0.0,0.0,0.240044,0.003468988325146102,0.0015513787416359653,0.23878400000000002,0.007367257291557012,0.0032947376223304934,141504.82550160453,1147.203789336266,513.0451314002478,0.0,0.0,0.0,0.07655580008219999,0.47519253975022746,0.048780000000000004,0.0005431390245600121,0.00024289915602982297,-1.450901003235904,0.011185379238582108,0.005002253666316886,25,5
15000,20260805,0.049456076,0.001766467637850749,0.000789988343657551,0.014923999999999998,0.0006165062854505218,0.00027570999256465125,0.015311999999999997,0.0013465214443149434,0.0006021826965298822,1218584.631900055,0.0,0.0,359591.3079008257,12110.231972104531,5415.860382583413,0.017504999993,0.4988127663727278,0.16330400000000003,0.0021419337057901706,0.0009579018738889712,25,5,0.017805470800000004,0.00025701887267903177,0.00011494233416213569,0.028832000000000003,0.0008095183753319,0.0003620276232554634,0.029456,0.0007427516408598496,0.0003321686318724268,636219.1219922289,6494.776574179848,2904.5523837078686,131389.1163100781,3666.3780672300445,1639.6541179081346,0.0240049999878,0.4988127663727278,0.084412,0.0013355598077210936,0.0005972805036161828,25,5,0.042284835599999994,0.000716285259215417,0.000320332506177346,1.2000000000000002e-05,1.788854381999832e-05,8.000000000000001e-06,0.0,0.0,0.0,315504.008084049,4259.177100851448,1904.7619051428628,161407.259544527,2142.4065151346535,958.1133206559034,0.043754999993,0.4988127663727278,0.081324,0.0012210159704115246,0.0005460549422906081,0.9791996811883591,0.005145222413595003,0.002301013415230793,25,5,0.0,0.0,0.0,0.240636,0.002066562362959305,0.0009241947846639199,0.24243199999999998,0.006844933893033598,0.0030611474972630794,1218584.631900055,0.0,0.0,0.0,0.0,0.0,0.017504999993,0.4988127663727278,0.16190000000000002,0.0012769494899956032,0.0005710691726927712,25,5,0.0,0.0,0.0,0.325688,0.0014199014050278315,0.0006349992125979385,0.32536,0.003233821269025226,0.001446208836925008,905450.9351921517,0.0,0.0,0.0,0.0,0.0,0.020004999991,0.4988127663727278,0.12076799999999999,0.0016689277995168156,0.000746367201851748,25,5,0.0,0.0,0.0,4.000000000000001e-06,8.944271909999161e-06,4.000000000000001e-06,1.6000000000000003e-05,3.5777087639996646e-05,1.6000000000000003e-05,317408.76998919185,0.0,0.0,0.0,0.0,0.0,0.043754999993,0.4988127663727278,0.081324,0.0004251235114646072,0.00019012101409365457,0.006965138271511595,0.007623900414062358,0.003409511915906445,25,5,0.0226123312,0.0011573394465631953,0.000517577935111458,0.029436,0.0008977081931229104,0.0004014673087562674,0.029152,0.0017358340934547842,0.000776288606125324,300767.45050118037,2849.7307827808027,1274.4383495743123,62725.19573672158,3337.9450883529094,1492.7744245437293,0.039213750038999996,0.4988127663727278,0.10609199999999999,0.0006009326085344292,0.0002687452325158508,25,5,0.0155955908,0.0005289712172162119,0.00023656311996725135,0.029471999999999998,0.0007470742934942943,0.00033410178089917416,0.029311999999999998,0.000987279089214393,0.0004415246312494924,134064.2939165978,877.7571420664148,392.54492747928873,44204.894320058,1236.2410093393066,552.8637866911283,0.08106225008699999,0.4988127663727278,0.046799999999999994,0.0007835815209663888,0.0003504283093587044,-2.6606085559263275,0.007456895649318647,0.0033348251145997854,25,5,0.0,0.0,0.0,0.24189200000000005,0.0013319609603888612,0.0005956710501610796,0.24216,0.004125239386993205,0.0018448631385552736,300767.45050118037,2849.7307827808027,1274.4383495743123,0.0,0.0,0.0,0.039213750038999996,0.4988127663727278,0.10747200000000001,0.00061475198251002,0.0002749254444390333,25,5,0.0,0.0,0.0,0.24091999999999997,0.0028705400188814615,0.0012837445228704955,0.24201599999999995,0.003239456744579262,0.0014487290982098805,134833.92227056812,704.3966884335421,315.015775692628,0.0,0.0,0.0,0.08036477508619999,0.4988127663727278,0.047108,0.0009482193838980504,0.00042405659999580203,-1.4526609568355155,0.00926510832951587,0.004143482408739401,25,5
16000,20260805,0.0478232632,0.0010637997502900623,0.0004757457112191762,0.015,0.0006109009739720504,0.0002732032210644669,0.01472,0.0007483314773547886,0.00033466401061363034,1157344.3093438316,20865.621254984515,9331.38950378197,343888.48866154766,9876.609463545918,4416.954029541281,0.017549999993,0.5213699076773617,0.15583200000000003,0.0012737817709482474,0.0005696525256680695,25,5,0.0167176624,0.000680346721309657,0.0003042603034234996,0.029339999999999998,0.00047916594202843815,0.00021428952377566221,0.030176,0.0015670609432948048,0.0007008109588184253,609485.568873913,0.0,0.0,122392.01606118334,5916.316815142393,2645.8573150166894,0.025049999987,0.5213699076773617,0.080736,0.0011090897168398969,0.0004960000000000005,25,5,0.039547869599999994,0.0006021121748688547,0.0002692727506173999,1.2000000000000002e-05,1.788854381999832e-05,8.000000000000001e-06,0.0,0.0,0.0,300233.74873078754,4259.1771008514215,1904.761905142851,150213.10113804563,1661.1666514137182,742.8963109033542,0.043799999993,0.5213699076773617,0.07770600000000001,0.0008260326870045742,0.000369413047955807,0.9760831069217906,0.006880460858938017,0.0030770356394223992,25,5,0.0,0.0,0.0,0.243656,0.0008222408406300559,0.0003677172827050752,0.244368,0.0024758675247274543,0.0011072416177149457,1142106.214093546,0.0,0.0,0.0,0.0,0.0,0.017549999993,0.5213699076773617,0.155708,0.0017200930207404523,0.0007692489843997214,25,5,0.0,0.0,0.0,0.32687599999999994,0.001508469422958273,0.000674608034342916,0.327808,0.00426205584196172,0.0019060493173053011,860803.0599332076,0.0,0.0,0.0,0.0,0.0,0.020049999991,0.5213699076773617,0.11569199999999999,0.0010794998842056434,0.00048276702455739404,25,5,0.0,0.0,0.0,1.2000000000000002e-05,1.788854381999832e-05,8.000000000000001e-06,1.6000000000000003e-05,3.577708763999664e-05,1.6000000000000003e-05,298328.9868256447,0.0,0.0,0.0,0.0,0.0,0.043799999993,0.5213699076773617,0.07715799999999999,0.000783370921083995,0.0003503341262280872,0.010179433349419741,0.017227081974632727,0.007704185269848017,25,5,0.02143652,0.0005289458588664833,0.0002365517793684933,0.029752,0.000750279947752837,0.0003355353930660668,0.02928,0.0008352245207128442,0.00037352376095772013,286022.8193403771,1031.9749367959084,461.51322195034004,59335.1207757404,1732.0034031801242,774.5754693543466,0.040079125039800004,0.5213699076773617,0.10096000000000001,0.0010792590050585661,0.0004826593001279486,25,5,0.0149878724,0.00025000302136334295,0.0001118047500697534,0.029671999999999997,0.001092208771252089,0.0004884506116282378,0.0304,0.0009086253353280427,0.00040634960317440893,127790.43128645436,552.8437162084637,247.2392260751454,41572.15582344652,636.5502488111018,284.6739254872057,0.084903125091,0.5213699076773617,0.04560399999999999,0.0009660641800625857,0.0004320370354495077,-2.65461377350974,0.005671644262218805,0.002536436422903578,25,5,0.0,0.0,0.0,0.24090799999999998,0.00205837800221436,0.0009205346272683042,0.24095999999999998,0.004442701880612751,0.001986836681763253,285792.06272943027,515.9874684612623,230.75661100348225,0.0,0.0,0.0,0.039378750039,0.5213699076773617,0.100692,0.0012621885754513838,0.0005644678910265833,25,5,0.0,0.0,0.0,0.241504,0.0007837601673981732,0.00035050820247178595,0.24003199999999997,0.001060716738813897,0.00047436694657195265,128241.91161233645,992.514209848707,443.86584837123996,0.0,0.0,0.0,0.08420275009020001,0.5213699076773617,0.045015999999999994,0.000812822243790118,0.00036350515814772205,-1.4658917246833252,0.011430963314581294,0.005112082203942017,25,5
17000,20260805,0.04633173480000001,0.0008756056524150524,0.000391582752056622,0.014680000000000002,0.0001600000000000009,7.155417527999367e-05,0.014127999999999998,0.00034687173421886095,0.0001551257554373226,1103724.1238624486,0.0,0.0,332599.18735883257,3230.346478003079,1444.6548631383828,0.017594999992999998,0.5429118103851249,0.148912,0.0018578805128425294,0.0008308694241576134,25,5,0.016496114800000003,0.0008355034354071788,0.00037364849540101125,0.028659999999999998,0.000439317652729776,0.00019646882704388503,0.028895999999999998,0.0018550687318803032,0.0008296119574837378,584387.2592197061,3165.9026682203553,1415.8347152577355,121483.41009001943,7014.497854956945,3136.978806342038,0.025844999986399997,0.5429118103851249,0.07664,0.00030626785662226925,0.00013696714934611064,25,5,0.0373502762,0.0003229261275713079,0.0001444169545920427,1.6000000000000003e-05,8.94427190999916e-06,4.000000000000001e-06,0.0,0.0,0.0,288773.05393798556,0.0,0.0,142575.10851039639,963.9035459984993,431.07077052114795,0.043844999993,0.5429118103851249,0.07433,0.0006851642138932798,0.00030641475160311587,0.977861318423461,0.004107016140063695,0.0018367134547742437,25,5,0.0,0.0,0.0,0.24081999999999998,0.0021221215799289064,0.0009490416218480575,0.24019200000000002,0.003301199781897487,0.0014763414239260522,1103724.1238624486,0.0,0.0,0.0,0.0,0.0,0.017594999992999998,0.5429118103851249,0.148216,0.0012273874693836447,0.0005489043632546542,25,5,0.0,0.0,0.0,0.32528,0.0015093044755780834,0.0006749814812274531,0.324096,0.005604683755574441,0.002506490773970653,825640.6414360438,4601.202738853692,2057.7204204670134,0.0,0.0,0.0,0.020844999990399998,0.5429118103851249,0.11007199999999999,0.0005776850352917187,0.0002583486016993296,25,5,0.0,0.0,0.0,8.000000000000001e-06,1.0954451150103324e-05,4.898979485566357e-06,1.6000000000000003e-05,3.5777087639996646e-05,1.6000000000000003e-05,288773.05393798556,2.9103830456733704e-11,1.3015628661377062e-11,0.0,0.0,0.0,0.043844999993,0.5429118103851249,0.074926,0.0005703332359243984,0.000255060777070876,0.018762415728688895,0.01573336998533821,0.007036176960474222,25,5,0.020229937999999996,0.0010323987174788644,0.0004617027424332682,0.029852,0.0009007330348110947,0.0004028200590834584,0.030096,0.0020602135811609423,0.0009213555231288293,271974.3017398428,2832.0619795417533,1266.5366205495957,55255.82774392478,3368.740606535288,1506.5465989553552,0.043060125043,0.5429118103851249,0.09761199999999999,0.0013161003001291357,0.0005885779472593245,25,5,0.013944844000000001,0.00039680495625180794,0.00017745657119757453,0.03012,0.0005453439281774361,0.000243885218904302,0.02984,0.0012862348152650825,0.0005752216963919217,121584.36782160832,0.0,0.0,39469.844230909766,975.1584485820595,436.10411597254364,0.088773000095,0.5429118103851249,0.042508,0.0005559856113246086,0.0002486443242867203,-2.660101131332295,0.005587259958565277,0.0024986986150629235,25,5,0.0,0.0,0.0,0.23995200000000003,0.002744652983529965,0.0012274461291641224,0.24188799999999996,0.00277624206437408,0.0012415731955869578,274042.5473804398,4.1159031748919956e-11,1.8406878575731415e-11,0.0,0.0,0.0,0.043060125043,0.5429118103851249,0.09612000000000001,0.0004558508528016592,0.00020386269889315209,25,5,0.0,0.0,0.0,0.24234,0.0025845695966640273,0.0011558546621439957,0.239792,0.007164490212150475,0.0032040574277000704,121378.29262191613,460.79815500249737,206.07519969841377,0.0,0.0,0.0,0.0880697250942,0.5429118103851249,0.04295600000000001,0.0006073549209482033,0.00027161737794183867,-1.464852601387986,0.00549162260027315,0.0024559282881969832,25,5
18000,20260805,0.04369109040000001,0.001102046784268616,0.0004928503048019342,0.014915999999999999,0.0003412916641232239,0.00015263027222671093,0.014543999999999998,0.00081662720993119,0.00036520679073642645,1052311.9400760946,0.0,0.0,315435.61394380545,6385.536478261705,2855.698727639556,0.018889999992,0.563484167759834,0.14181200000000002,0.0017608861405553782,0.000787492222183815,25,5,0.015508151200000004,0.00040432834509245073,0.00018082113297134266,0.029244,0.00041985711855344423,0.00018776581158453788,0.029296,0.0008047856857573952,0.000359911100134464,555126.2566196208,3931.548095452554,1758.2417596483485,114316.18045838964,2822.298877188469,1262.1704284429493,0.026389999986,0.563484167759834,0.07310799999999999,0.0005204997598462443,0.00023277456905770354,25,5,0.035401858200000004,0.0006053671672780078,0.0002707284274760224,2.4e-05,2.1908902300206645e-05,9.797958971132712e-06,1.6000000000000003e-05,3.577708763999664e-05,1.6000000000000003e-05,275139.9035048598,4465.830882398181,1997.18028581204,134771.09058784254,2409.1938961868836,1077.4242645702886,0.0478899999922,0.563484167759834,0.07116,0.001185094932906222,0.0005299905659537729,0.981145295505827,0.002079985121594654,0.0009301976248147623,25,5,0.0,0.0,0.0,0.240808,0.002004025947935804,0.0008962276496515824,0.242752,0.0037419139487700507,0.0016734347910808997,1049203.8897239577,6949.81186487023,3108.0503521368832,0.0,0.0,0.0,0.0186399999922,0.563484167759834,0.141152,0.0015689869342986904,0.0007016722881801736,25,5,0.0,0.0,0.0,0.32615999999999995,0.0016534206966165794,0.0007394322146079456,0.328416,0.0033749192582934293,0.0015093097760234557,793271.8598733491,5.820766091346741e-11,2.6031257322754125e-11,0.0,0.0,0.0,0.02138999999,0.563484167759834,0.104908,0.0008082821289624048,0.0003614747570716377,25,5,0.0,0.0,0.0,8.000000000000001e-06,1.7888543819998323e-05,8.000000000000001e-06,0.0,0.0,0.0,273421.12282077863,853.8066591162443,381.8339458851825,0.0,0.0,0.0,0.0468899999924,0.563484167759834,0.07110200000000001,0.000717056483130858,0.0003206774079975059,0.017372324074063025,0.02268083057539193,0.010143175790546405,25,5,0.019969970400000002,0.001083603655519306,0.00048460228688168664,0.029347999999999996,0.00022387496510329182,0.00010011992808627074,0.028608,0.0020973125661188433,0.0009379466935812511,258670.53699244038,2237.990161796849,1000.8596269507013,54937.883295124324,2962.225632982389,1324.747576008193,0.0439458000438,0.563484167759834,0.09222,0.0005398147830506324,0.00024141251003210304,25,5,0.0136601676,0.00040320110084770297,0.00018031701401964237,0.029316000000000002,0.0005555897767237974,0.00024846730167166827,0.029408,0.0007931708517085066,0.0003547167884383252,115944.23901207109,431.45986398494495,192.95471708663004,37963.17562989791,1256.9528308299646,562.1263948493188,0.092671875099,0.563484167759834,0.04138,0.000430116263352129,0.0001923538406167124,-2.66238603567958,0.006152404742419155,0.0027514390458282627,25,5,0.0,0.0,0.0,0.24158400000000002,0.001426281879573605,0.00063785264756055,0.24323200000000003,0.005358984978519711,0.002396610940474065,257640.66093275425,383.8121462149152,171.6460099053278,0.0,0.0,0.0,0.0439458000438,0.563484167759834,0.09174800000000001,0.000978018404734803,0.0004373831272465843,25,5,0.0,0.0,0.0,0.24256799999999998,0.0015500709661173495,0.0006932128100374333,0.23804800000000004,0.0035347871223031296,0.0015808048582921321,115174.47267515138,1.4551915228366852e-11,6.507814330688531e-12,0.0,0.0,0.0,0.092671875099,0.563484167759834,0.041364000000000005,0.0006101475231450163,0.0002728662676110765,-1.4638309567649737,0.007827308096156928,0.00350047859676827,25,5
19000,20260805,0.041614254399999995,0.000851750249514958,0.00038091429155357067,0.014723999999999998,0.0003305752561823106,0.00014783774890061082,0.014863999999999999,0.0005970594610254506,0.00026701310829245874,1023502.7811594956,0.0,0.0,302424.40265884344,3868.565149709206,1730.0749300272869,0.018934999992,0.5831306165296646,0.136008,0.0025826575460172895,0.00115499956709949,25,5,0.0148998124,0.0004452298628290769,0.00019911284777974456,0.028876000000000002,0.0005171846865482391,0.00023129202320875674,0.02912,0.0012762444906835064,0.0005707538874155834,535489.8533517066,5387.4802419217685,2409.3544096748174,111118.55468119732,5317.0136060616205,2377.840772089014,0.027684999985000004,0.5831306165296646,0.069964,0.0006389679178174691,0.000285755139936272,25,5,0.03373196,0.0008471712178577026,0.0003788664863422213,1.2000000000000002e-05,1.7888543819998323e-05,8.000000000000001e-06,0.0,0.0,0.0,266357.2472082144,0.0,0.0,129583.32036265478,1060.5403283186554,474.2880534000917,0.048934999991999996,0.5831306165296646,0.068278,0.0012593927107935798,0.0005632175423404354,0.9854977416887689,0.004944393916844762,0.002211200181120266,25,5,0.0,0.0,0.0,0.242044,0.0021726205375076453,0.0009716254422358452,0.24195200000000003,0.004122368251381722,0.0018435791276752943,1012074.2097217813,15649.215941238353,6998.542127836462,0.0,0.0,0.0,0.018934999992,0.5831306165296646,0.135816,0.0014583826658322527,0.0006522085556016553,25,5,0.0,0.0,0.0,0.32439199999999996,0.0014866472345516453,0.0006648488550039106,0.32455999999999996,0.00208230641357125,0.0009312357381458211,754325.6237980647,4406.0457896062035,1970.4435795072413,0.0,0.0,0.0,0.0219349999896,0.5831306165296646,0.100064,0.0012210159704115278,0.0005460549422906096,25,5,0.0,0.0,0.0,8.000000000000001e-06,1.788854381999832e-05,8.000000000000001e-06,0.0,0.0,0.0,266357.2472082144,0.0,0.0,0.0,0.0,0.0,0.048934999991999996,0.5831306165296646,0.067652,0.0006059867985360694,0.0002710055349988242,0.005785568845680762,0.007262774831887402,0.0032480116458749675,25,5,0.018844316399999998,0.0010148790633976044,0.0004538677149396724,0.029656,0.0009685453009539621,0.0004331466264442102,0.028703999999999997,0.0022523942816478643,0.0010073013451792864,247014.088713729,1911.2120891404522,854.7200301474877,52312.05980054695,3103.6703512087665,1388.0035770106897,0.046964500047,0.5831306165296646,0.087284,0.0010316394719086695,0.0004613631974919539,25,5,0.012501152800000002,0.0007047534134242989,0.00031517530795834904,0.029788000000000002,0.0005375127905454899,0.00024038302768706433,0.029759999999999998,0.00035777087639996555,0.00015999999999999963,109872.28744485616,475.35173995347935,212.5837607517565,35176.46476433332,2073.031146572434,927.0877126420585,0.096599750103,0.5831306165296646,0.038692000000000004,0.0007186932586298556,0.00032140939625343885,-2.6626746668912182,0.012973350634649383,0.005801858783003212,25,5,0.0,0.0,0.0,0.24259599999999998,0.0024046371867705954,0.0010753864421685817,0.24313599999999996,0.002210809806383165,0.000988704202479181,247014.08871372897,1911.212089140452,854.7200301474876,0.0,0.0,0.0,0.046964500047,0.5831306165296646,0.08773600000000001,0.0019574166648927854,0.0008753833445982388,25,5,0.0,0.0,0.0,0.241696,0.002012530745106757,0.0009000311105734021,0.240944,0.0030898025826903604,0.0013818017223900122,110045.86135867072,726.1117766885945,324.7270583877689,0.0,0.0,0.0,0.096599750103,0.5831306165296646,0.039692000000000005,0.0012760564250847233,0.0005706697819229618,-1.4543390567646597,0.012200080459262718,0.005456041847575658,25,5
20000,20260805,0.0400060976,0.0007440402041817333,0.0003327448949086358,0.014823999999999999,0.0006904201619304011,0.0003087652830225579,0.014688000000000001,0.0008051832089655123,0.0003600888779176607,966123.0111531585,0.0,0.0,286983.71299776464,6516.276999303106,2914.167666132019,0.018979999992,0.6018928294465028,0.130188,0.0006685207551003962,0.000298971570554795,25,5,0.013630130800000001,0.0005487735347273957,0.0002454189855806597,0.02964,0.000251793566240283,0.00011260550608207379,0.030688000000000003,0.0008919192788587996,0.00039887842759417336,512011.16688599007,3603.141933961438,1611.3740593835666,101956.917210029,3203.493090089229,1432.6456629780748,0.0284799999844,0.6018928294465028,0.066872,0.0016490360820794684,0.0007374713553759228,25,5,0.0313694828,0.0005144052435791256,0.00023004901852505242,8.000000000000001e-06,1.0954451150103323e-05,4.898979485566356e-06,0.0,0.0,0.0,252046.31475858358,1.4551915228366852e-11,6.507814330688531e-12,119143.13722196897,1234.2064974476286,551.9539253129636,0.048979999992,0.6018928294465028,0.065306,0.0009416103227981306,0.000421100938018428,0.9774815683073881,0.006209654656117742,0.0027770419855754703,25,5,0.0,0.0,0.0,0.24101600000000004,0.0015052840263551507,0.0006731834816749403,0.24091199999999996,0.002189136816190345,0.0009790117466098147,966123.0111531585,0.0,0.0,0.0,0.0,0.0,0.018979999992,0.6018928294465028,0.12963999999999998,0.0018012773245672034,0.0008055557088122437,25,5,0.0,0.0,0.0,0.32538799999999996,0.0013779404921839173,0.0006162337218945513,0.326912,0.002278666276574957,0.001019050538491588,720258.4627046986,0.0,0.0,0.0,0.0,0.0,0.022729999989,0.6018928294465028,0.094712,0.0008304938289957417,0.0003714081313057129,25,5,0.0,0.0,0.0,1.6000000000000003e-05,8.94427190999916e-06,4.000000000000001e-06,3.2000000000000005e-05,4.381780460041329e-05,1.9595917942265424e-05,252046.31475858358,1.4551915228366852e-11,6.507814330688531e-12,0.0,0.0,0.0,0.048979999992,0.6018928294465028,0.064618,0.0006493612245892139,0.000290403168026798,0.020502643783957004,0.019732927129024955,0.008824833291109911,25,5,0.017925998,0.0005603173534578406,0.0002505815382609017,0.029192000000000003,0.0009185423234669162,0.00041078461509652496,0.029183999999999998,0.0007491862251803615,0.0003350462654619506,234090.61621570206,0.0,0.0,48905.9120679418,1033.2373701477175,462.0777993086816,0.047158500047,0.6018928294465027,0.084144,0.0015109202493844567,0.000675704077240916,25,5,0.0119977912,0.0007428591087502397,0.00033221669297408895,0.030016000000000004,0.0004962660576747107,0.00022193692797729686,0.030096,0.0013545774248820207,0.0006057854405645627,104543.32574704413,664.6889279441579,297.2579253549193,33207.9480873086,1532.7652215828498,685.473445801356,0.1012686001078,0.6018928294465027,0.037464,0.0006863526790215063,0.00030694624936623637,-2.6598293809985094,0.008879280014778109,0.003970934740859838,25,5,0.0,0.0,0.0,0.239784,0.0018017435999608835,0.0008057642335075445,0.23982399999999998,0.0037212471027869313,0.001664192296581145,234090.61621570206,0.0,0.0,0.0,0.0,0.0,0.047158500047,0.6018928294465027,0.08397600000000001,0.000814542816554171,0.00036427462167985347,25,5,0.0,0.0,0.0,0.24149600000000002,0.0018190876834281622,0.0008135207434355977,0.241216,0.0046867984808395685,0.002096000000000004,104234.63482456029,1015.0608649551156,453.9490190678745,0.0,0.0,0.0,0.10198057510860001,0.6018928294465027,0.038112,0.0003015294347157494,0.00013484806264830012,-1.4646000445151168,0.002617037498450147,0.0011703747492401058,25,5
21000,20260805,0.0383855756,0.0013951901400235023,0.0006239479989260002,0.014860000000000002,0.000214476105895272,9.591663046625431e-05,0.014655999999999999,0.0012137874608019314,0.000542822254517996,926462.2201239178,0.0,0.0,275429.47493181017,9102.04320158057,4070.5574665747954,0.020274999991,0.6198106036794389,0.12485600000000001,0.0013720349849766964,0.0006135926987831591,25,5,0.0136263572,0.0005928351264586127,0.0002651239284422284,0.029088000000000003,0.0008261476865548922,0.0003694644773181856,0.028976000000000002,0.0011459842930860791,0.000512499756097503,488083.31674989406,0.0,0.0,101549.4677776496,2910.8176630232806,1301.7572329254263,0.029024999984,0.6198106036794389,0.063584,0.0013055573522446256,0.0005838629976287241,25,5,0.029546925600000003,0.0004878247516704144,0.00021816186116840013,2.0000000000000005e-05,2e-05,8.94427190999916e-06,0.0,0.0,0.0,240145.38581294502,459.8885359069463,205.66840567215695,112638.75232237535,1197.357548146676,535.4745742056889,0.05302499999119999,0.6198106036794389,0.062098,0.0006377460309558922,0.000285208695519612,0.9800012408751584,0.005717338770351694,0.002556871628180289,25,5,0.0,0.0,0.0,0.24126799999999998,0.002490887392075356,0.0011139587065955333,0.24328000000000002,0.00438652482040167,0.0019617135366816383,926462.2201239178,0.0,0.0,0.0,0.0,0.0,0.020274999991,0.6198106036794389,0.12376000000000001,0.0006201612693485434,0.00027734455105517995,25,5,0.0,0.0,0.0,0.3253960000000001,0.0022087281408086352,0.0009877732533329672,0.325024,0.006409343180077046,0.00286634540835539,691136.6819944752,5145.149326488494,2300.9807296831063,0.0,0.0,0.0,0.0232749999886,0.6198106036794389,0.09164800000000001,0.0005754302737951852,0.00025734024170347,25,5,0.0,0.0,0.0,8.000000000000001e-06,1.0954451150103324e-05,4.898979485566357e-06,0.0,0.0,0.0,243114.32058251096,3007.0678261538924,1344.8016144465246,0.0,0.0,0.0,0.0520249999914,0.6198106036794389,0.06285199999999999,0.0007296368959969023,0.0003263035396682035,0.03209636067670127,0.022052675178724383,0.009862256157070008,25,5,0.016939367599999998,0.0003390391528758862,0.00015162291857288496,0.029331999999999997,0.000935157740704742,0.00041821525558018505,0.029503999999999996,0.0008734300200931936,0.0003906097797034776,223815.35208478392,1964.5627732738683,878.5791814211752,46426.1287334028,955.7846676412665,427.4398977395831,0.050926875051,0.6198106036794387,0.08027600000000001,0.0007240718196422311,0.00032381476186239924,25,5,0.011707787600000002,0.0005451982585324347,0.00024382007345860574,0.02962,0.00042684891940826037,0.0001908926399838399,0.029776000000000004,0.0014259312746412443,0.0006376958522681488,99800.1679427135,598.1565839408113,267.5037565761426,32678.865129254227,856.2764816792824,382.93848411384573,0.10597225011259999,0.6198106036794387,0.03544799999999999,0.0007919090856910279,0.00035415250952096887,-2.658343281490775,0.006561447888947744,0.0029343687021019292,25,5,0.0,0.0,0.0,0.24100000000000002,0.0009221713506718786,0.00041240756540102336,0.24033600000000002,0.002021801177168519,0.0009041769738275809,223097.99518707924,1604.0587873959919,717.3568977046641,0.0,0.0,0.0,0.050926875051,0.6198106036794387,0.081104,0.0016344662737419837,0.000730955539003571,25,5,0.0,0.0,0.0,0.240572,0.0014184921571866376,0.0006343689778039276,0.240768,0.0032499107680057956,0.0014534042796139014,99672.55929916727,383.0810629066763,171.31905951044027,0.0,0.0,0.0,0.10668712511339999,0.6198106036794387,0.03608,0.0011123848254988016,0.0004974736173909123,-1.4682576729323082,0.008757477753686608,0.0039164631137370825,25,5
22000,20260805,0.036203238,0.0006226181715240878,0.00027844331111089683,0.015160000000000002,0.0005582114294781135,0.00024963974042607837,0.014928,0.0006918959459340692,0.0003094252736930196,881818.1824943663,0.0,0.0,260728.71935791703,4803.149880096502,2148.033927603148,0.020319999991,0.6369219452298986,0.11850000000000001,0.0016053660018824376,0.0007179415017952371,25,5,0.01305955,0.0008808256196342152,0.00039391719236509567,0.029071999999999997,0.0007986989420300987,0.0003571890255872929,0.029199999999999997,0.002407986710926784,0.0010768843949096848,465634.6752841094,0.0,0.0,96595.22372744806,6672.096442929683,2983.852239765063,0.030319999983,0.6369219452298986,0.061396000000000006,0.001001838310307606,0.000448035712862267,25,5,0.027789684399999997,0.0008321615661909072,0.0003721539660531118,1.6000000000000003e-05,8.94427190999916e-06,4.000000000000001e-06,0.0,0.0,0.0,230330.71188238348,2484.5199754966798,1111.1111113333375,106052.519594026,2294.079235826724,1025.943423415865,0.054069999991,0.6369219452298986,0.059486000000000004,0.0009293707548658904,0.0004156272368360848,0.9770868106331909,0.008508448027558327,0.0038050936345288846,25,5,0.0,0.0,0.0,0.2411,0.0017852170736355956,0.0007983733462484879,0.23982400000000004,0.0030669333217401506,0.001371574277974042,881818.1824943663,0.0,0.0,0.0,0.0,0.0,0.020319999991,0.6369219452298986,0.11873199999999999,0.0012847256516470783,0.0005745467779041163,25,5,0.0,0.0,0.0,0.324588,0.0016439951338127524,0.0007352169747768354,0.32340800000000003,0.0018877287940803358,0.0008442179813294667,662092.905053672,5420.77085888156,2424.242426181818,0.0,0.0,0.0,0.024069999988,0.6369219452298986,0.087648,0.0004799166594316127,0.00021462525480474032,25,5,0.0,0.0,0.0,2.8000000000000003e-05,3.0331501776206206e-05,1.3564659966250538e-05,4.800000000000001e-05,7.155417527999328e-05,3.2000000000000005e-05,230330.7118823835,2484.5199754966798,1111.1111113333375,0.0,0.0,0.0,0.054069999991,0.6369219452298986,0.06021,0.000482545334657792,0.00021580083410404163,0.029076870380811047,0.018036655900907323,0.008066237736240297,25,5,0.016524726400000002,0.0006825157256465223,0.0003052303116516441,0.029216,0.0006681915892915746,0.00029882436312991627,0.028864,0.0015609228039848747,0.0006980658994679518,211888.00378810446,1369.3525436408788,612.3930745486505,44826.69882969987,2077.695098563807,929.1734953813595,0.05328870005340001,0.6369219452298988,0.076852,0.0012950366790172349,0.0005791580095276225,25,5,0.0112163264,0.0003956462184462278,0.0001769383678972993,0.029808,0.0007417007482805994,0.0003316986584235761,0.029552000000000002,0.0007191105617358155,0.00032159601987586853,94801.26353770621,0.0,0.0,31268.53408034442,500.79872209239136,223.96399712872255,0.112146250119,0.6369219452298988,0.033715999999999996,0.0008407615595399197,0.00037599999999999944,-2.660769097050423,0.006428328577881241,0.002874835936369401,25,5,0.0,0.0,0.0,0.24112,0.00206915441666398,0.0009253539863209165,0.24204799999999999,0.002958702418290844,0.0013231719464982688,211275.6107135495,5.660496942242716e-08,2.5314511898568826e-08,0.0,0.0,0.0,0.0540064750542,0.6369219452298988,0.07609600000000001,0.0005833352380921278,0.00026087544920900445,25,5,0.0,0.0,0.0,0.24083200000000002,0.001993118160069781,0.0008913495386210675,0.24214399999999997,0.003916488222885401,0.0017515067798898208,94416.93409093241,350.84317918580695,156.90183962032071,0.0,0.0,0.0,0.112146250119,0.6369219452298988,0.034396,0.00041578840772681823,0.00018594622878671287,-1.4579431874430833,0.0038529878883710924,0.0017231085669762267,25,5
23000,20260805,0.033901138799999994,0.0007689984796273669,0.0003439065750081559,0.015236,0.00020268201696253168,9.064215354899725e-05,0.015552,0.0009096812628607894,0.000406821828322916,837174.7739008996,0.0,0.0,244769.98529084277,5390.304595687178,2410.61749907721,0.020364999991,0.6532631495474684,0.112568,0.001028066145731888,0.00045976515744454135,25,5,0.012554063600000002,0.0004998366879199644,0.00022353376236747768,0.028932000000000003,0.0005754302737951835,0.00025734024170346925,0.028464,0.0014788103326660923,0.000661344085934092,446047.4935342474,2338.3717430469515,1045.7516348235308,94368.41446970287,3978.765854045676,1779.3581832402276,0.031614999982,0.6532631495474684,0.05778,0.00048744230427815924,0.00021799082549502012,25,5,0.026442028,0.0002787942644469204,0.00012468058540807334,2.8000000000000003e-05,1.0954451150103323e-05,4.898979485566356e-06,4.800000000000001e-05,7.155417527999328e-05,3.2000000000000005e-05,223643.72338033546,0.0,0.0,102090.55265978855,1197.663245935744,535.6112864130745,0.054114999991,0.6532631495474684,0.057035999999999996,0.0009069068309368946,0.0004055810646467611,0.9808006456333709,0.006585222897550614,0.002945001209182261,25,5,0.0,0.0,0.0,0.23926799999999998,0.002018940316106448,0.0009028975578657863,0.24015999999999998,0.003197499022673807,0.0014299650345375547,837174.7739008996,0.0,0.0,0.0,0.0,0.0,0.020364999991,0.6532631495474684,0.113636,0.0010105839895822597,0.00045194689953577437,25,5,0.0,0.0,0.0,0.32504,0.0030458168034207377,0.0013621306838919767,0.328608,0.003079012828813785,0.0013769763977643091,634344.5660494573,6359.705532796147,2844.1467776427403,0.0,0.0,0.0,0.024614999987599997,0.6532631495474684,0.083728,0.0014358690748114938,0.0006421401716136462,25,5,0.0,0.0,0.0,4.000000000000001e-06,8.94427190999916e-06,4.000000000000001e-06,0.0,0.0,0.0,220310.39004633547,3042.903097859499,1360.827635151707,0.0,0.0,0.0,0.054114999991,0.6532631495474684,0.057028,0.0004906322451694391,0.0002194174104304417,0.0200753395918268,0.01702608072825834,0.007614294779756955,25,5,0.0157148904,0.0008320621426400804,0.00037210950248946917,0.029164000000000002,0.000554869353992453,0.0002481451188317038,0.028847999999999995,0.0016065864433636929,0.0007184872998181666,201886.4333209321,1363.842261748716,609.928801571438,42676.12754673043,2148.05290040759,960.6384609153914,0.054947250054999994,0.6532631495474683,0.073052,0.0007679322886817564,0.0003434297599218799,25,5,0.0110041308,0.0004578462055834905,0.00020475504778500568,0.029308,0.0007878578551997826,0.00035234074416678,0.028624,0.0018184828841647095,0.0008132502689824332,90364.80499781558,320.4393069547131,143.30481460273194,29945.70269796423,1106.5244560222661,494.8527804863527,0.11692530012379998,0.6532631495474683,0.032948,0.0007606050223341938,0.0003401529067934006,-2.6621593232375664,0.005340446692952423,0.002388320367131113,25,5,0.0,0.0,0.0,0.24155600000000002,0.0021323883323635076,0.0009536330531184435,0.24147200000000005,0.003839416622352937,0.0017170393123047611,201886.4333209321,1363.842261748716,609.928801571438,0.0,0.0,0.0,0.054947250054999994,0.6532631495474683,0.07408000000000001,0.001299923074647109,0.0005813432720862938,25,5,0.0,0.0,0.0,0.241048,0.0013189844578310828,0.0005898677817952012,0.240544,0.0029930051787459377,0.001338512607336965,90014.1779165916,759.5994131573453,339.70318469775447,0.0,0.0,0.0,0.11620462512299998,0.6532631495474683,0.033096,0.0008736589723685103,0.00039071217027371986,-1.4613904457857048,0.01381343839639958,0.006177557451471029,25,5
24000,20260805,0.03303904840000001,0.0009389641467451245,0.0004199175321114373,0.0152,0.00035860842154082244,0.00016037456157383577,0.014863999999999999,0.000977179615014559,0.0004370080090799256,810019.4483084702,1.0081862609186659e-10,4.508746026790953e-11,241652.97205248396,4947.401195976714,2212.545077233538,0.021659999989999998,0.6688688785174088,0.107948,0.001508548971694325,0.0006746436096191833,25,5,0.011660733199999999,0.0007162024275742164,0.0003202954627412635,0.029424,0.0005715592707672587,0.00025560907652115975,0.029488000000000004,0.001755084043571704,0.0007848974455303066,426475.1538898734,2753.9050657691305,1231.583786128161,87826.09168817828,4726.164633906064,2113.6050788538732,0.0324099999814,0.6688688785174088,0.055263999999999994,0.0008478679142413611,0.00037917805843692905,25,5,0.025133369800000006,0.00047966919646585466,0.00021451458600207056,1.6000000000000003e-05,1.6733200530681514e-05,7.483314773547884e-06,4.800000000000001e-05,4.381780460041329e-05,1.9595917942265424e-05,212603.22112535435,2434.3224782876155,1088.6621081213727,96000.9475057621,1587.271690639892,709.8494798063631,0.05915999999,0.6688688785174088,0.05493,0.0006694774081326427,0.0002993993987969919,0.9804318777587149,0.006334717488518273,0.0028329717845167204,25,5,0.0,0.0,0.0,0.24037999999999998,0.0019637209577737795,0.0008782027100846329,0.24175999999999997,0.00352045451611011,0.0015743951219436669,810019.4483084702,5.820766091346741e-11,2.6031257322754125e-11,0.0,0.0,0.0,0.021659999989999998,0.6688688785174088,0.108208,0.002509605546694539,0.0011223297198239023,25,5,0.0,0.0,0.0,0.326696,0.0011692219635295812,0.0005228919582475847,0.325376,0.003301587496947507,0.0014765148153676009,604457.5375042728,5617.66726095734,2512.297174095132,0.0,0.0,0.0,0.025409999986999998,0.6688688785174088,0.079476,0.0008668794610555728,0.00038768028064372847,25,5,0.0,0.0,0.0,8.000000000000001e-06,1.0954451150103324e-05,4.898979485566357e-06,1.6000000000000003e-05,3.577708763999664e-05,1.6000000000000003e-05,212603.2211253543,2434.3224782876155,1088.6621081213727,0.0,0.0,0.0,0.05915999999,0.6688688785174088,0.054546000000000004,0.0006287924935938719,0.00028120455188349974,0.027710905359243875,0.0246480122834596,0.011022926195213096,25,5,0.0143325216,0.0008023560250592011,0.00035882452283777963,0.029668,0.0009735091165469371,0.00043536651226294335,0.030208000000000002,0.0017786286852516484,0.0007954269293907526,192167.52775369023,0.0,0.0,39186.634597291806,2051.90740953325,917.6408902503692,0.058788125058999996,0.668868878517409,0.069308,0.002433828260169565,0.0010884410870598382,25,5,0.009960986800000002,0.0005001241556785674,0.0002236623218573928,0.030368,0.0004900204077382889,0.00021914378841299555,0.030416,0.0012334017999013935,0.0005515940536300218,85761.98686799846,242.2554246910835,108.33991950546874,27616.485325025842,974.577696410432,435.84439570577575,0.12390987513099998,0.668868878517409,0.030695999999999994,0.0007396485651983628,0.00033078089424874485,-2.657155235581011,0.007725515985347928,0.003454955780899847,25,5,0.0,0.0,0.0,0.24166400000000002,0.0019491228796563922,0.0008716742510823669,0.242624,0.00299727876581408,0.0013404238135753912,192694.01413109573,1177.2593291063276,526.4863774055091,0.0,0.0,0.0,0.058788125058999996,0.668868878517409,0.070648,0.0008414986631005466,0.0003763296427336032,25,5,0.0,0.0,0.0,0.242496,0.0008101111034913679,0.00036229269934681316,0.24371199999999998,0.0020866048979143155,0.0009331580787840837,85650.53309859158,481.49978587720256,215.3332504746036,0.0,0.0,0.0,0.1224627251294,0.668868878517409,0.031268,0.001162118754689037,0.0005197153066824178,-1.4692445827379603,0.015294860395035128,0.0068400695099335666,25,5
25000,20260805,0.0312074176,0.0008577893255542412,0.00038361504846259615,0.015188000000000002,0.0004083136049655951,0.00018260339536821325,0.015056,0.0009556568421771484,0.00042738273245417833,774293.9449899984,8.231806349783991e-11,3.681375715146283e-11,228075.3533785798,4401.4505012604195,1968.3885040837642,0.02170499999,0.683772233983162,0.10236799999999999,0.0010665458264884828,0.00047697379382938867,25,5,0.0110234432,0.0008422838331234902,0.0003766807814426426,0.029344,0.0008553829551727125,0.0003825388869121681,0.029504000000000002,0.0028757746782388906,0.0012860855337029488,407070.36843322683,2422.3226830307503,1083.2956365392868,83927.4582719434,6527.873113233159,2919.3536059365047,0.033454999980599996,0.683772233983162,0.052176,0.001130433545149831,0.00050554525020022,25,5,0.0237802986,0.00035844889328996536,0.00016030321837118614,8.000000000000001e-06,1.788854381999832e-05,8.000000000000001e-06,0.0,0.0,0.0,204586.48133545433,1987.6159803973335,888.8888890666653,92162.77863462194,1667.7878882215573,745.8574180228445,0.05920499998999999,0.683772233983162,0.05205800000000001,0.0007312797002515561,0.0003270382240656299,0.9857368871731433,0.005880187545716127,0.0026296998145337825,25,5,0.0,0.0,0.0,0.241828,0.0017177659910476795,0.0007682083050839812,0.24343999999999996,0.003096320396858179,0.001384716577498803,770738.3894315984,7950.463926359588,3555.555558399984,0.0,0.0,0.0,0.02170499999,0.683772233983162,0.103276,0.0008602790245030919,0.0003847284756812241,25,5,0.0,0.0,0.0,0.324856,0.0011119712226492324,0.0004972886485734475,0.324864,0.003849737653399244,0.0017216550177082469,579821.3149127031,1519.8141168168008,679.6815356732345,0.0,0.0,0.0,0.0257049999868,0.683772233983162,0.07620400000000001,0.0012688104665394267,0.000567429290749076,25,5,0.0,0.0,0.0,1.2000000000000002e-05,1.0954451150103323e-05,4.898979485566356e-06,0.0,0.0,0.0,202808.70355732096,2434.3224782875996,1088.6621081213657,0.0,0.0,0.0,0.05920499998999999,0.683772233983162,0.05191199999999999,0.0007344181370309412,0.000328441775661988,0.03589202724824528,0.018046845035994737,0.008070794455977774,25,5,0.014193238399999999,0.000682934856798802,0.0003054177528012411,0.029543999999999997,0.0006451976441370505,0.00028854115824263266,0.029311999999999998,0.0015621523613271527,0.0006986157742278654,183141.35916801478,1072.0669911674772,479.4429337368291,38288.54200356597,1468.0611451282248,656.536903126579,0.059752100059799994,0.6837722339831621,0.06688800000000002,0.0018406303268174308,0.0008231549064422858,25,5,0.0101014052,0.00035718699743299785,0.0001597388813878452,0.029591999999999997,0.0006543087956003626,0.00029261578904768524,0.029232,0.0008515397818070526,0.00038082016753318164,81571.26611000087,229.19051624908874,102.4971148262465,27596.768520730402,946.3025904073387,423.19938388698995,0.12949370013660003,0.6837722339831621,0.029648,0.000799824980855188,0.0003576926054589336,-2.6598635229463032,0.005702609226636763,0.002550284375975461,25,5,0.0,0.0,0.0,0.24114399999999997,0.0011240462623931544,0.0005026887705131316,0.239072,0.0027940508227303237,0.0012495375144428436,181830.39739870973,1319.1298343802066,589.9327961644362,0.0,0.0,0.0,0.06120505006139999,0.6837722339831621,0.066452,0.0005296413881108534,0.00023686282950264342,25,5,0.0,0.0,0.0,0.24202399999999996,0.001430692140189486,0.0006398249760676699,0.242496,0.004293772234294687,0.0019202333191568148,81473.11923957555,337.29131388299504,150.84126121251907,0.0,0.0,0.0,0.1287672251358,0.6837722339831621,0.029283999999999998,0.001222734640058913,0.0005468235547230934,-1.455973887858657,0.008805596222178677,0.003937982347041373,25,5
26000,20260805,0.0296462548,0.0012969263403822156,0.000580003091780933,0.015028,0.00041871231173683005,0.000187253838411927,0.0152,0.001342236938845002,0.0006002666074337305,742641.6886020193,7966.873570085054,3562.894174171323,218882.49819026544,8517.940281520068,3809.3386995525134,0.022999999989,0.6980048279597983,0.09758800000000001,0.0015203683764140866,0.0006799294081005771,25,5,0.010931024000000001,0.0003573719779333566,0.00015982160718250803,0.028671999999999996,0.000849541052568974,0.00037992630864418963,0.029183999999999998,0.0006258434308994531,0.00027988569095257386,391028.9735627083,1217.0950602546468,544.3014579617185,81470.13215066065,1540.6362430398385,688.9934736073932,0.0344999999798,0.6980048279597983,0.051332,0.0008349371233811549,0.00037339523296367824,25,5,0.022485404199999996,0.0002739238588608161,0.00012250247381436857,2.0000000000000005e-05,1.4142135623730951e-05,6.324555320336758e-06,3.2000000000000005e-05,4.381780460041329e-05,1.9595917942265424e-05,194718.57124216182,2285.5976770196867,1022.1503550063256,86142.27726400603,1744.655408259334,780.2336180361037,0.064249999989,0.6980048279597983,0.05020200000000001,0.00041841367090476454,0.00018712028217165587,0.98167170812537,0.0056832071559805115,0.0025416075061971345,25,5,0.0,0.0,0.0,0.24172,0.001325141501878196,0.0005926212956011624,0.24180799999999997,0.004933023413688621,0.0022061151375211644,742641.6886020193,7966.873570085055,3562.8941741713234,0.0,0.0,0.0,0.022999999989,0.6980048279597983,0.097628,0.000998959458636835,0.0004467482512556704,25,5,0.0,0.0,0.0,0.327628,0.0019450758339972334,0.000869864357241982,0.327552,0.0028819993060373965,0.0012888692718813677,556064.7558634527,0.0,0.0,0.0,0.0,0.0,0.026749999986,0.6980048279597983,0.073504,0.00021137644144984124,9.453041838476984e-05,25,5,0.0,0.0,0.0,8.000000000000001e-06,1.0954451150103323e-05,4.898979485566356e-06,0.0,0.0,0.0,194327.73235367925,2102.9946489424024,940.4877982707035,0.0,0.0,0.0,0.06224999998939999,0.6980048279597983,0.049748,0.0011163646357709505,0.0004992534426521277,0.008981130353213265,0.008913575798811442,0.003986272281747875,25,5,0.0133955028,0.0005263681537927624,0.0002353989946143361,0.029619999999999997,0.0006543699259593163,0.0002926431273753071,0.029823999999999996,0.0009336380454972918,0.00041753562722239714,174578.6916114466,1251.5796787304253,559.7234481797157,35947.754761724296,1177.4032785738568,526.5507535644531,0.062910000063,0.6980048279597983,0.06410400000000001,0.0013106792132325943,0.0005861535634968045,25,5,0.009072944800000001,0.0005095751795301656,0.00022788894821522193,0.030067999999999994,0.0005152863281710489,0.00023044305153334605,0.030304000000000005,0.0007164356216716214,0.0003203997503120134,77392.53362108555,365.86218171565514,163.6185417425171,24496.358267241914,787.0083466174358,351.9608323792606,0.135847500143,0.6980048279597983,0.028456,0.0010187639569596086,0.0004556050921576709,-2.6534040941656607,0.006408532284583561,0.002865982764866174,25,5,0.0,0.0,0.0,0.24084,0.002510975905897939,0.0011229425630903812,0.24035200000000004,0.005535803464719464,0.002475686571438316,173207.6547663351,1021.9105284420269,457.01228170382086,0.0,0.0,0.0,0.062910000063,0.6980048279597983,0.063832,0.001106761040152744,0.0004949585841259819,25,5,0.0,0.0,0.0,0.24074800000000002,0.0013349606735780554,0.0005970125626818878,0.24236799999999997,0.004828780384320647,0.002159496237551705,77387.4130352975,364.15610260679244,162.85555997003524,0.0,0.0,0.0,0.1351181251422,0.6980048279597983,0.02844,0.0006900724599634453,0.0003086097859757531,-1.4629736133345799,0.008136683146736838,0.003638835325496093,25,5
27000,20260805,0.028539107199999997,0.0010550728767744924,0.0004718429347368048,0.015444,0.0004678461285508304,0.0002092271492899524,0.015007999999999999,0.0015539369356573007,0.0006949417241754882,704676.6615464648,0.0,0.0,207655.41104899865,6589.34240929907,2946.8435108429926,0.023044999989,0.7115968496873395,0.09358799999999999,0.0009437796352962943,0.0004220710840604947,25,5,0.010269018799999998,0.00027023908005912147,0.0001208545906378407,0.028952,0.0003048278202526782,0.0001363231455036151,0.029487999999999997,0.0008664409962599885,0.00038748419322599505,374944.96100301074,1923.6570958106959,860.2856063265083,77600.93544578897,2143.495142516272,958.6001696213967,0.0357949999788,0.7115968496873395,0.048664,0.0005634536360695512,0.00025198412648418876,25,5,0.021347717199999998,0.00018622776861333136,8.328358998350214e-05,2.0000000000000005e-05,2e-05,8.94427190999916e-06,0.0,0.0,0.0,186219.69510343345,4.601719643932854e-11,2.0579515874459978e-11,81927.52619997897,748.9208589392197,334.9275900711252,0.064294999989,0.7115968496873395,0.0479,0.0005399073994677256,0.0002414539293529936,0.984810415405056,0.004911428003628271,0.0021964573765417793,25,5,0.0,0.0,0.0,0.24198400000000003,0.0026328463684765217,0.0011774446908453923,0.240624,0.001271723240331804,0.0005687319227896431,707585.752457883,6504.925030657862,2909.090911418177,0.0,0.0,0.0,0.023044999989,0.7115968496873395,0.09434400000000001,0.0007482512946864842,0.00033462815183424115,25,5,0.0,0.0,0.0,0.32562,0.002387257841122316,0.0010676141625137784,0.325136,0.005369364953139233,0.0024012530062448596,528661.898068356,3407.3416827255487,1523.8095250285694,0.0,0.0,0.0,0.028044999984999996,0.7115968496873395,0.06973599999999999,0.0005265738314804536,0.0002354909764725626,25,5,0.0,0.0,0.0,1.6000000000000003e-05,1.6733200530681514e-05,7.483314773547884e-06,1.6000000000000003e-05,3.577708763999664e-05,1.6000000000000003e-05,186219.69510343345,2.0579515874459978e-11,9.203439287865707e-12,0.0,0.0,0.0,0.064294999989,0.7115968496873395,0.04757,0.0007383427388415207,0.00033019691094860295,0.026500057749836086,0.018096430098933754,0.008092969570257824,25,5,0.012704846799999999,0.0008148177976720933,0.0003643975969742941,0.030352,0.0005096273148095586,0.00022791226382097167,0.030112000000000007,0.0019188329786617706,0.0008581281955512245,165881.1076480383,1099.961555962354,491.9177623536525,33897.09239515035,1909.3652324591906,853.8940907306876,0.066823375067,0.7115968496873395,0.06127199999999999,0.0011792879207386175,0.0005273935911631866,25,5,0.0090476956,0.00038400508291010975,0.00017173229381848963,0.02984,0.00038600518131237644,0.00017262676501632104,0.03024,0.0008818163074019455,0.0003943602414037202,73600.76638642453,217.45078443953793,97.24694715349206,23754.466871426685,570.2646196055996,255.03009092023598,0.14224770014939997,0.7115968496873395,0.027844,0.0008077623412860979,0.00036124230095601993,-2.6557261957022975,0.005962464390945164,0.0026664951383150535,25,5,0.0,0.0,0.0,0.24058799999999997,0.001087161441553183,0.00048619337716591634,0.23792,0.00218284218394275,0.0009761967014900177,166282.75681909767,898.1148495952035,401.6491710593749,0.0,0.0,0.0,0.066823375067,0.7115968496873395,0.061295999999999996,0.0010031350856190828,0.00044861564841186817,25,5,0.0,0.0,0.0,0.24263600000000002,0.0025428881218016665,0.0011372141399050581,0.24020799999999998,0.004869694035563214,0.0021777933786289246,73678.46807528038,351.22623474739254,157.07314727529368,0.0,0.0,0.0,0.1407831501478,0.7115968496873395,0.027460000000000002,0.0005240229002629577,0.00023435016535091314,-1.4662749086471254,0.015185736053342868,0.006791267620728805,25,5
28000,20260805,0.02725533,0.0007190911012298786,0.0003215873168730382,0.014968,0.0008565745735194337,0.000383071794837469,0.014848,0.0011847024942997293,0.0005298150620735504,680711.062512764,5420.770858881559,2424.2424261818173,202334.9804583438,3477.7804924783172,1555.3107184008427,0.024339999988,0.7245771296661834,0.08901600000000001,0.0007391075699788314,0.00033053895383146993,25,5,0.0099269952,0.0003372488681688935,0.00015082227891210218,0.029259999999999998,0.000627216071222667,0.00028049955436684656,0.028992,0.0012336612176768805,0.000551710068786134,356407.03410421795,2448.854655418961,1095.161095306724,74483.89305884225,2221.082675738473,993.2983693196696,0.036839999978,0.7245771296661834,0.046384,0.000814297243026157,0.0003641647978594307,25,5,0.019774119200000002,0.0003227545489388177,0.0001443402222948958,4e-05,1.4142135623730953e-05,6.324555320336759e-06,4.800000000000001e-05,4.381780460041329e-05,1.9595917942265424e-05,179684.61955045396,462.21556331305464,206.7090839652696,77041.13352283412,798.7397498470109,357.2072753978187,0.0673399999884,0.7245771296661834,0.045558,0.00039315391388106445,0.00017582377541163163,0.976862713261873,0.005689915227540231,0.002544607446998228,25,5,0.0,0.0,0.0,0.240212,0.0019206040716399568,0.0008589202524099638,0.239296,0.0042265446880401115,0.0018901682464796663,680711.062512764,5420.770858881559,2424.2424261818173,0.0,0.0,0.0,0.024339999988,0.7245771296661834,0.089776,0.0018030751509573917,0.0008063597212162845,25,5,0.0,0.0,0.0,0.324364,0.001915693086065726,0.0008567239928938636,0.325632,0.00621033976526244,0.0027773483756993803,509517.1043105332,4821.1450158196285,2156.0815969513974,0.0,0.0,0.0,0.0285899999846,0.7245771296661834,0.067452,0.0009879878541763595,0.0004418416005764978,25,5,0.0,0.0,0.0,1.6000000000000003e-05,1.6733200530681514e-05,7.483314773547884e-06,1.6000000000000003e-05,3.577708763999664e-05,1.6000000000000003e-05,178747.1949858482,1674.6938529349081,748.945859332698,0.0,0.0,0.0,0.0663399999886,0.7245771296661834,0.046099999999999995,0.0003378609181305263,0.0001510959959760696,0.013604513303985325,0.014567478321645028,0.006514774357590566,25,5,0.011834514400000001,0.0005524094369458216,0.00024704501048464813,0.029900000000000003,0.0007187489130426577,0.00032143428566349356,0.031056,0.0015741918561598533,0.0007040000000000005,158247.85820354533,2.47427109411187e-08,1.1065276722393841e-08,31497.979142222663,1495.0729994032986,668.6169715980556,0.0700305750702,0.7245771296661834,0.05872000000000001,0.001048808848170148,0.00046904157598234137,25,5,0.0090443776,0.00043264446470837946,0.00019348448663538903,0.029796,0.0005461501625011195,0.00024424577785501193,0.028431999999999995,0.0010301067905804718,0.000460677761564415,70129.36357975083,253.22725980043856,113.24667333395608,24596.044691339168,1382.6495607506436,618.3396813797328,0.14869430015579999,0.7245771296661834,0.025679999999999998,0.0003379349049743128,0.00015112908389849905,-2.670505317431195,0.011585954433189697,0.005181396339365442,25,5,0.0,0.0,0.0,0.24108000000000002,0.0017559612751994378,0.0007852897554406317,0.240176,0.002516759821675491,0.0011255292088613292,157536.63187453165,973.8867597157858,435.53539942230015,0.0,0.0,0.0,0.070765750071,0.7245771296661834,0.058592,0.0011339841268730349,0.0005071331186187704,25,5,0.0,0.0,0.0,0.24225599999999997,0.0014510961374078525,0.0006489499210262667,0.24092799999999998,0.003999039884772344,0.0017884250054167774,70345.97086962822,412.1852836459363,184.33486271146919,0.0,0.0,0.0,0.1472239501542,0.7245771296661834,0.025259999999999998,0.001037786105129569,0.0004641120554348919,-1.4688925879432122,0.01573959331042958,0.007038960116064298,25,5
29000,20260805,0.026343550799999997,0.0006867253092912775,0.0003071128946889729,0.015368000000000001,0.00025400787389370295,0.0001135957745693028,0.014576,0.0013027969910926272,0.0005826285265930605,649067.7587807523,5420.770858881559,2424.2424261818173,193413.0278773788,5924.823411718781,2649.6615806570835,0.024384999988,0.7369732008104619,0.085552,0.0011331901870383515,0.000506778057930691,25,5,0.009120760799999999,0.0002549686167888115,0.00011402543185377532,0.029512,0.00031641744578957636,0.00014150618361046948,0.030144000000000004,0.0010974880409371198,0.0004908115728056943,339810.30863395735,1728.6149421159837,773.0601034986407,68991.98972632513,2266.1262944250366,1013.4424879868169,0.0388849999764,0.7369732008104619,0.044036000000000006,0.0006037217902312258,0.00026999259249097787,25,5,0.018858334999999997,0.0005179742444403014,0.00023164512423252127,1.2000000000000002e-05,1.788854381999832e-05,8.000000000000001e-06,3.2000000000000005e-05,4.381780460041329e-05,1.9595917942265424e-05,170274.8164444472,1.4551915228366852e-11,6.507814330688531e-12,72500.03572618614,1639.4758551649165,733.1958919236706,0.069384999988,0.7369732008104619,0.04375,0.0004429446918070012,0.00019809088823062975,0.9786810232455562,0.01194245476356784,0.005340828133910774,25,5,0.0,0.0,0.0,0.240852,0.0010875293099498553,0.00048635789291426296,0.23803200000000002,0.0029435217002767443,0.0013163829230129123,644219.2739283887,5420.77085888156,2424.242426181818,0.0,0.0,0.0,0.024384999988,0.7369732008104619,0.08526399999999999,0.0005992328428916422,0.00026798507421123274,25,5,0.0,0.0,0.0,0.32389999999999997,0.0020579115627256603,0.0009203260291874798,0.324528,0.004829443032069032,0.0021597925826338108,485873.63809502247,3715.4804132643294,1661.6133546256103,0.0,0.0,0.0,0.029884999983600002,0.7369732008104619,0.064876,0.001090632843811342,0.00048774583545121427,25,5,0.0,0.0,0.0,1.6000000000000003e-05,1.6733200530681514e-05,7.483314773547884e-06,1.6000000000000003e-05,3.577708763999664e-05,1.6000000000000003e-05,169668.75583826544,1355.1927139072743,606.060606181818,0.0,0.0,0.0,0.069384999988,0.7369732008104619,0.043638,0.0007179623945583784,0.00032108254390421186,0.020504742147387303,0.006862577777639819,0.0030690380823364142,25,5,0.011631307200000001,0.0005464979771629539,0.0002444013253004985,0.029804000000000004,0.0004652741127550502,0.00020807690885823882,0.029903999999999997,0.0014078636297596453,0.0006296157558384326,150262.11786391493,1393.5521701840871,623.2154765447948,31007.38316438217,1400.4673442161845,626.308036387197,0.07252290007260001,0.7369732008104618,0.055763999999999994,0.0011549372277314426,0.0005165036301905321,25,5,0.0081221412,0.000541813234909595,0.00024230624487338328,0.0298,0.0007615773105863914,0.00034058772731852826,0.029872,0.001068232184499231,0.0004777279560586755,66755.5675371182,326.5756416064996,146.0490668855483,22124.93861303064,380.6731827645686,170.24222277455533,0.155925375163,0.7369732008104618,0.024356000000000003,0.0013464323228443388,0.0006021428401965769,-2.6615013069743085,0.013142535778349633,0.005877520679422578,25,5,0.0,0.0,0.0,0.240456,0.0019507639529169095,0.0008724081613556817,0.240464,0.003496924362922373,0.001563872117533914,149907.90195332794,867.9486199690374,388.1584230455798,0.0,0.0,0.0,0.07178482507179999,0.7369732008104618,0.055964,0.0005044601074416131,0.00022560141843525888,25,5,0.0,0.0,0.0,0.24156,0.0016894969665554155,0.0007555660129995195,0.24321600000000002,0.0005258136552049547,0.00023515101530718297,66560.44023584465,175.3707465632709,78.42818211607226,0.0,0.0,0.0,0.1566634501638,0.7369732008104618,0.024632,0.0007412961621376451,0.00033151772199989604,-1.473066268636607,0.011816625114518226,0.005284555404138798,25,5
30000,20260805,0.0245361952,0.0008862263755007507,0.00039633248381458654,0.015004,0.0008221192127666152,0.00036766288907095286,0.01544,0.001371714255958579,0.0006134492644057856,622236.5218804961,5617.66726095734,2512.297174095132,183088.73150808798,6023.642249462952,2693.8547083877816,0.025679999987,0.748811356849042,0.081252,0.001044758345264591,0.00046723013601436417,25,5,0.009033756,0.00040625129466624496,0.00018168110216420429,0.028664000000000002,0.0005958858951175141,0.00026648827366321427,0.028512,0.0013103892551452028,0.0005860238902979978,325939.9580133961,1526.3009620339494,682.5825410462472,69480.42228609715,2420.602831227437,1082.5264954305999,0.039429999975999996,0.748811356849042,0.041620000000000004,0.0012277621919573837,0.0005490719442841711,25,5,0.017842273799999996,0.00025086569186957586,0.00011219054804857758,2.8000000000000003e-05,2.2803508501982765e-05,1.0198039027185571e-05,4.800000000000001e-05,4.381780460041329e-05,1.9595917942265424e-05,163504.15061725525,1195.5750685457028,534.6774250944324,68828.32855177353,568.7543071472481,254.35465865540826,0.0714299999876,0.748811356849042,0.041881999999999996,0.00030277054017853076,0.0001354031018847052,0.9780789947233073,0.004668786457837553,0.002087944778431045,25,5,0.0,0.0,0.0,0.23972,0.001986303098723862,0.0008883017505330062,0.24220799999999998,0.005478861195540565,0.002450221214502894,620185.2398275731,4586.806111361291,2051.2820529230635,0.0,0.0,0.0,0.025679999987,0.748811356849042,0.08104,0.001283510810238856,0.000574003484309983,25,5,0.0,0.0,0.0,0.32534799999999997,0.0011284148173433268,0.0005046424476795375,0.32576,0.006568531038215467,0.0029375363827534107,463863.73940379324,2630.6682109278204,1176.4705891764722,0.0,0.0,0.0,0.030679999983,0.748811356849042,0.060848,0.0007975713134259506,0.0003566847347448432,25,5,0.0,0.0,0.0,8.000000000000001e-06,1.0954451150103323e-05,4.898979485566356e-06,0.0,0.0,0.0,161872.4489852273,360.63961861563274,161.28294052083066,0.0,0.0,0.0,0.0714299999876,0.748811356849042,0.041256,0.0011547423955151175,0.0005164164985745501,0.013024027649632836,0.014526272563181368,0.006496346582192729,25,5,0.0114775916,0.0006020309068584431,0.0002692364064582646,0.029624,0.0013650934033977288,0.0006104883291267728,0.028624,0.001890946852769798,0.0008456571409265109,142439.1639872585,675.2364442634947,301.9749180516844,30489.382468382653,1537.8449795917275,687.7451826447758,0.0765145750766,0.748811356849042,0.05312399999999999,0.0009680289251876758,0.00043291569618114027,25,5,0.0079267932,0.00035601172351370743,0.000159213282912702,0.029124,0.000526383890331002,0.00023540603220818294,0.029296,0.0010783691390242982,0.00048226133993925036,63488.227427428916,401.0282268331086,179.3452752190072,20990.705545755794,577.162919408104,258.11510437775064,0.16320865017019998,0.748811356849042,0.023840000000000004,0.0006932532004974804,0.0003100322563863314,-2.65941619196794,0.0057529177054175505,0.0025727830116551503,25,5,0.0,0.0,0.0,0.23999600000000001,0.003298648207978525,0.001475200325379569,0.235952,0.0057323223914919315,0.0025635725072640243,142407.5950236168,691.6413403199442,309.31141060089226,0.0,0.0,0.0,0.0757736000758,0.748811356849042,0.052568000000000004,0.0013239033197329827,0.0005920675637121176,25,5,0.0,0.0,0.0,0.242348,0.0012487273521469774,0.0005584478489527919,0.24089599999999994,0.003056481637438723,0.0013669001426585702,63553.64272182679,262.9819634696291,117.60910943489141,0.0,0.0,0.0,0.16320865017019998,0.748811356849042,0.023992000000000003,0.0007542678569314756,0.0003373188402683731,-1.4566329337892485,0.008741463393897309,0.00390930127431608,25,5
31000,20260805,0.0233215336,0.0013806645342083657,0.0006174519505225979,0.015164,0.0008648005550414495,0.0003867505656104459,0.015952,0.0017867064672183847,0.0007990394233077615,590290.7955287629,4566.283590391443,2042.1041025314144,170977.3860225284,8197.857248144355,3666.193215338028,0.0259749999868,0.760116708098051,0.078128,0.001665568971853159,0.0007448650884556195,25,5,0.008608411600000001,0.00034220633494545376,0.00015303932545381927,0.029227999999999997,0.0009465305066399074,0.0004233013111248298,0.029167999999999993,0.001110819517293423,0.0004967735902803194,311617.2255156803,361.79037059905573,161.79757245286598,65200.97478451708,2088.5657679822293,934.0350065374637,0.0409749999748,0.760116708098051,0.04042,0.0013583077707206115,0.0006074537019394971,25,5,0.016913694200000003,0.0003283440822836626,0.00014683993759921076,2.0000000000000005e-05,1.4142135623730951e-05,6.324555320336758e-06,1.6000000000000003e-05,3.577708763999664e-05,1.6000000000000003e-05,155826.62607726303,1404.416814396703,628.0742931469466,65260.609303434634,1340.7208078316182,599.5885730319861,0.074474999987,0.760116708098051,0.039906,0.0005619875443459585,0.0002513284703331482,0.9802392431107515,0.010722475725768947,0.004795236921982152,25,5,0.0,0.0,0.0,0.23962000000000003,0.0013065221008463467,0.0005842944463196533,0.23920000000000002,0.001533623161014479,0.000685857127979296,593405.7591894923,5617.66726095734,2512.297174095132,0.0,0.0,0.0,0.025724999987,0.760116708098051,0.07834,0.00166343019090072,0.0007439085965358923,25,5,0.0,0.0,0.0,0.32503200000000004,0.0018789145802829853,0.0008402761450856482,0.32252800000000004,0.004856204279064037,0.002171760576122509,444118.2025982243,768.0231396664342,343.4703897173924,0.0,0.0,0.0,0.0317249999822,0.760116708098051,0.05803199999999999,0.0004107554016686833,0.00018369540005128127,25,5,0.0,0.0,0.0,2.4e-05,8.94427190999916e-06,4.000000000000001e-06,1.6000000000000003e-05,3.577708763999664e-05,1.6000000000000003e-05,156339.4465901861,1146.7015271523167,512.8205129230802,0.0,0.0,0.0,0.074474999987,0.760116708098051,0.039838000000000005,0.0006613017465574992,0.00029574313178838116,0.022353367022466448,0.022659857260510254,0.010133796238988618,25,5,0.010818224000000001,0.0003498933385247573,0.00015647705796314066,0.029788,0.000894158822581312,0.0003998799819945975,0.029072000000000004,0.0011738483718095796,0.0005249609509287335,136156.2196758716,620.5189691896452,277.50451928722885,28816.857644570344,954.4135734923925,426.8267257954962,0.07979137507979998,0.760116708098051,0.05072,0.0007959899496852943,0.000355977527380591,25,5,0.007474207200000001,0.0003214707342281717,0.00014376608290219206,0.029320000000000002,0.0006466838485689892,0.000289205809070288,0.029168,0.0005531003525581964,0.0002473539973398454,60618.771030295255,120.16574048779806,53.73975285946304,20103.701666786124,511.15935175797296,228.59741157311083,0.1712880001782,0.760116708098051,0.022412,0.0005696665691437414,0.00025476263462289797,-2.661135717945487,0.004460990217391999,0.0019950154746100146,25,5,0.0,0.0,0.0,0.24143600000000004,0.0022021989010986274,0.0009848532885663734,0.238688,0.001823929823211403,0.0008156862141779742,135846.253027107,0.0,0.0,0.0,0.0,0.0,0.079047500079,0.760116708098051,0.05032,0.0009607288899580348,0.00042965102117881616,25,5,0.0,0.0,0.0,0.241156,0.0013415960643949378,0.0005999799996666532,0.24219200000000002,0.004518973334729914,0.0020209463129929996,60401.50850441008,245.0812169478121,109.60365222073627,0.0,0.0,0.0,0.172031875179,0.760116708098051,0.022628000000000002,0.00043968170305346905,0.00019663163529808672,-1.4606866983088707,0.013288597853470058,0.005942841625203367,25,5
32000,20260805,0.0227431988,0.0008012210677017912,0.0003583169544772332,0.015088,0.0003404702630186668,0.00015226293048539434,0.014591999999999999,0.0015415317058043272,0.0006893939367299365,566009.031692517,3931.5480954525806,1758.2417596483604,170060.21216650968,5224.482502027147,2336.459604358177,0.027019999986,0.7709132347232227,0.073792,0.0007684529914054574,0.00034366262525913283,25,5,0.008344327600000001,0.0005624170110272268,0.00025152053367182557,0.0295,0.0008493526947034422,0.00037984207244590445,0.02864,0.0018022208521710082,0.0008059776671843947,298400.6721789194,2342.912793030499,1047.7824541140183,63384.72790857333,2951.1434042593055,1319.7914526547897,0.043019999973199996,0.7709132347232227,0.0386,0.0011386834503056588,0.0005092347199474913,25,5,0.016112826599999998,0.0001183446613172723,5.292534149592213e-05,8.000000000000001e-06,1.7888543819998323e-05,8.000000000000001e-06,0.0,0.0,0.0,148921.47940522054,1203.7858409114347,538.349394125943,62357.571595559115,695.4299276210195,311.0057183496716,0.079519999986,0.7709132347232227,0.038058,0.0003916886518652267,0.00017516849031717931,0.9845210069050981,0.003444780196564002,0.0015405525374124391,25,5,0.0,0.0,0.0,0.242028,0.0011352180407304857,0.0005076849416714982,0.24080000000000004,0.001904100837665918,0.0008515397818070568,566009.031692517,3931.5480954525806,1758.2417596483604,0.0,0.0,0.0,0.027019999986,0.7709132347232227,0.07420800000000001,0.0007545329681332675,0.0003374374016021337,25,5,0.0,0.0,0.0,0.324472,0.001819593361166161,0.0008137468893949723,0.325936,0.002880222213649492,0.0012880745320050374,425028.1635250047,938.4171494268788,419.67290747401574,0.0,0.0,0.0,0.0327699999814,0.7709132347232227,0.055452,0.0008217785589804632,0.00036751054406642715,25,5,0.0,0.0,0.0,2.8000000000000003e-05,3.033150177620621e-05,1.356465996625054e-05,1.6000000000000003e-05,3.577708763999664e-05,1.6000000000000003e-05,149247.2018173078,930.1980826059278,415.9972290493638,0.0,0.0,0.0,0.0775199999864,0.7709132347232227,0.03844,0.000557808210767824,0.00024945941553687693,0.037349272361758515,0.03718930107681658,0.0166315610486936,25,5,0.010164309600000001,0.0004888863405279386,0.00021863661813831625,0.029548,0.0004410442154705117,0.0001972409693750257,0.029632,0.0013042699107163366,0.000583287236273862,128807.84183679533,1.4551915228366852e-11,6.507814330688531e-12,26770.789026777533,1006.3493094801447,450.0530930215154,0.083091375083,0.7709132347232228,0.048372000000000005,0.0007872229671446373,0.0003520568135968985,25,5,0.007052494800000001,0.0005503637317694548,0.0002461301433173923,0.029712,0.0007713105729860039,0.00034494057459220353,0.030096,0.00149066428145307,0.0006666453329919887,57533.996321595994,208.89288262242778,93.41973711192661,18548.782183475425,1060.1260153707194,474.1027670169831,0.1809189001878,0.7709132347232228,0.021772,0.0006874009019487838,0.0003074150289104296,-2.6545552987296728,0.0070305947866983,0.0031441775730626062,25,5,0.0,0.0,0.0,0.24137599999999998,0.0021316378679316185,0.0009532974352215635,0.241216,0.0030554345026525837,0.0013664318497458876,128831.02956709315,861.3859498329416,385.2235077379362,0.0,0.0,0.0,0.0838381500838,0.7709132347232228,0.048283999999999994,0.0005341160922496191,0.0002388639780293394,25,5,0.0,0.0,0.0,0.24198400000000003,0.003432823910427109,0.0015352055237003329,0.243248,0.004410387738056595,0.0019723853578852164,57337.860513119704,142.98450284803607,63.94461361944418,0.0,0.0,0.0,0.180172125187,0.7709132347232228,0.021531999999999996,0.0004056106507477339,0.00018139459749397178,-1.4715965305279117,0.012685270632333254,0.005673025489375779,25,5
33000,20260805,0.0212403812,0.0005253871219179263,0.00023496026382229055,0.015196000000000001,0.000673260722157472,0.00030109134826494127,0.01576,0.0009927738916792688,0.00044398198161637155,540915.0072190735,1857.1905302043303,830.5608545411518,157359.1931858471,3482.418393624884,1557.3848508481722,0.027814999985399998,0.7812238376050448,0.070884,0.0007041874750377264,0.0003149222126176585,25,5,0.0075829228,0.00016438689039944773,7.351605230859453e-05,0.029688,0.0005618896688852718,0.00025128469909646323,0.030016000000000004,0.001185782442103105,0.0005302980294136502,285089.95660373615,1496.522289422727,669.2651137985664,58241.842077096226,2273.7789173091783,1016.8648449818392,0.044564999972,0.7812238376050448,0.036504,0.0010108808040515981,0.0004520796390018036,25,5,0.015209788800000002,0.0003154575373646981,0.00014107689951242894,3.6e-05,2.1908902300206645e-05,9.797958971132712e-06,4.800000000000001e-05,4.381780460041329e-05,1.9595917942265424e-05,142758.7092946277,982.887023273407,439.5604396483511,58204.34025432265,928.9482433251654,415.438283930817,0.079564999986,0.7812238376050448,0.036904,0.0003794469659912958,0.00016969384196251767,0.9757038251448937,0.006930418489145301,0.0030993773708500563,25,5,0.0,0.0,0.0,0.240412,0.0010485799921799122,0.0004689392284720963,0.240736,0.00377376204867238,0.0016876776943480622,540915.0072190736,1857.1905302042996,830.560854541138,0.0,0.0,0.0,0.0278149999854,0.7812238376050448,0.07184399999999999,0.0008413560482934651,0.00037626586345295673,25,5,0.0,0.0,0.0,0.325288,0.00258215413947348,0.001154774436849035,0.325488,0.005889814937669926,0.0026340053151047284,405518.01332070876,2181.4888649650698,975.591478844151,0.0,0.0,0.0,0.0343149999802,0.7812238376050448,0.05281199999999999,0.0005780311410296172,0.00025850338489079837,25,5,0.0,0.0,0.0,3.2000000000000005e-05,2.280350850198276e-05,1.019803902718557e-05,4.800000000000001e-05,7.155417527999328e-05,3.2000000000000005e-05,142758.7092946277,982.887023273407,439.5604396483511,0.0,0.0,0.0,0.079564999986,0.7812238376050448,0.036608,0.0005524219401870266,0.00024705060210410286,0.023755852429841556,0.025966062138514323,0.011612376009940317,25,5,0.009904109999999999,0.0007209250925886825,0.00032240750274272476,0.029744000000000003,0.0005167978328127935,0.00023111901695879551,0.028847999999999995,0.0019420401643632412,0.0008685067645102144,122419.57071687945,816.6387604117315,365.21195626835913,26039.394017670245,1457.9025554049701,651.9938436912333,0.087164250087,0.7812238376050448,0.046060000000000004,0.0010507140429250996,0.0004698936049788309,25,5,0.0070024119999999995,0.0004783633293282416,0.0002139305844642134,0.029412,0.0006844852080213259,0.00030611109094575383,0.029744,0.0009771796150145565,0.0004370080090799245,54546.992981237025,202.03150353866474,90.35123510178873,18707.81185895389,1063.8120808033289,475.7512255923485,0.1898697251966,0.7812238376050448,0.020316,0.00044438721853806706,0.00019873600579663452,-2.6681382201109822,0.01245892503959072,0.005571800663019821,25,5,0.0,0.0,0.0,0.24110800000000002,0.0012247938602066818,0.000547744465969303,0.240688,0.003708843485508643,0.0016586452303009164,122690.72152978237,924.9304575119481,413.6414754913394,0.0,0.0,0.0,0.08791392508780001,0.7812238376050448,0.04626000000000001,0.0007881624198095202,0.00035247694960096275,25,5,0.0,0.0,0.0,0.24090799999999998,0.0022068801508011407,0.0009869468070772675,0.239168,0.004514368172845453,0.0020188868219887905,54590.66511174357,203.07866044350584,90.81953790625532,0.0,0.0,0.0,0.1898697251966,0.7812238376050448,0.020783999999999997,0.001182235171190572,0.0005287116416346439,-1.4638017872796527,0.015008166336472579,0.006711856029195333,25,5
34000,20260805,0.020366346799999997,0.00035048961917466206,0.00015674372277651162,0.014744000000000002,0.0004936395446071967,0.0002207623156247463,0.015279999999999998,0.0006764613810115109,0.00030252272641902476,518888.0835531528,0.0,0.0,153145.778718481,2144.6733882215726,959.1270971196466,0.028359999985000002,0.7910703869145961,0.067248,0.0008672485226277379,0.0003878453299963773,25,5,0.0072234196,0.00030136324879918565,0.0001347737420470322,0.02962,0.0007194442299441994,0.0003217452408350439,0.03088,0.0016218507946170633,0.0007253137252251606,273245.02920305537,0.0,0.0,54366.0306986206,2449.117463659274,1095.2786267248016,0.045859999971,0.7910703869145961,0.035648,0.0010352391028163484,0.00046297300137264976,25,5,0.0141379912,0.00025261091924578464,0.00011297103745845687,5.2000000000000004e-05,1.788854381999832e-05,8.000000000000001e-06,4.800000000000001e-05,4.381780460041329e-05,1.9595917942265424e-05,136653.46997677657,1043.281062123272,466.56947490916343,55103.38871752601,756.6732580668375,338.39456835873796,0.084609999985,0.7910703869145961,0.034698,0.00048823150246578675,0.00021834376565407106,0.974574010328233,0.008140121952794222,0.003640373206317243,25,5,0.0,0.0,0.0,0.24213200000000001,0.0026285585403410827,0.0011755271158080567,0.24488000000000004,0.004098389927764329,0.0018328556953562984,517364.2740281242,3407.341682725575,1523.8095250285812,0.0,0.0,0.0,0.028359999985000002,0.7910703869145961,0.06846,0.0007163797875428894,0.0003203747805305515,25,5,0.0,0.0,0.0,0.32734,0.0017041713528867897,0.0007621285980725288,0.329744,0.004639793098835325,0.0020749785541060374,387072.4120093285,2840.4737353533083,1270.2984721105488,0.0,0.0,0.0,0.03460999998,0.7910703869145961,0.05025599999999999,0.0004790407080823063,0.00021423351745233395,25,5,0.0,0.0,0.0,2.4000000000000004e-05,1.6733200530681514e-05,7.483314773547884e-06,3.2000000000000005e-05,4.38178046004133e-05,1.9595917942265427e-05,137034.42235780513,851.8354201702732,380.95238102856524,0.0,0.0,0.0,0.084609999985,0.7910703869145961,0.035004,0.0008265772801136018,0.0003696565973981797,0.050901236380490475,0.03251193192887641,0.0145397779745627,25,5,0.0092828132,0.0004097203802219268,0.0001832325243886577,0.029844,0.0005313002917371691,0.000237604713757956,0.029584,0.001752164375850622,0.0007835917304310963,117015.90009408709,575.334363268907,257.29734921216686,24415.333958732237,1274.7309460033678,570.0770096572288,0.091266125091,0.791070386914596,0.044084,0.000629825372623237,0.0002816664694279386,25,5,0.006428820399999998,0.00041592587386311944,0.0001860077055117876,0.029096,0.0006504460008332732,0.00029088829471121675,0.030192000000000004,0.0009288272175167999,0.0004153841595439096,51828.0900182112,179.25929222719014,80.16719260369936,17527.049426834124,763.3893713549622,341.3981055301052,0.19888435020540002,0.791070386914596,0.018875999999999997,0.0005457838399952869,0.00024408195345006597,-2.6675617823342206,0.009448923402448177,0.004225687008412545,25,5,0.0,0.0,0.0,0.24180000000000001,0.0008738420909981406,0.00039079406341447986,0.242464,0.0035106238761792655,0.0015699987261141284,116823.3245553287,847.7735444744392,379.1358549941574,0.0,0.0,0.0,0.09201870009180001,0.791070386914596,0.043836,0.000903371462909918,0.0004040000000000013,25,5,0.0,0.0,0.0,0.242116,0.00312868662540689,0.001399191194940845,0.24064000000000002,0.001533623161014472,0.0006858571279792929,51953.150838672234,171.05883122376187,76.499834953599,0.0,0.0,0.0,0.19963692520619997,0.791070386914596,0.019572,0.0004646719272777302,0.0002078076033257687,-1.4621683860307353,0.01575473458553641,0.007045731500145277,25,5
35000,20260805,0.0198598356,0.00044757962954182755,0.0002001636953999399,0.014556,0.0005496180491941659,0.00024579666393179567,0.015216000000000002,0.0012137874608019316,0.0005428222545179961,497606.2616737971,3651.483719622306,1632.9931631618517,146884.94922689837,3830.8135491358285,1713.1919009989886,0.029654999984,0.800473768503112,0.065456,0.0006726663363064993,0.00030082553083141345,25,5,0.006832996400000001,0.0003393050175709166,0.00015174181687906601,0.02944,0.0008547514258543256,0.00038225645841502863,0.030624000000000002,0.0012565349179390131,0.0005619394985227507,261319.94063195278,939.4617453815866,420.14006498676537,52386.66563683015,1943.1596014910872,869.0073920130945,0.0474049999698,0.800473768503112,0.033448,0.0007319289583012816,0.0003273285810924549,25,5,0.0136393398,0.00024483256093236333,0.00010949244987002474,2.0000000000000005e-05,2e-05,8.94427190999916e-06,3.2000000000000005e-05,4.381780460041329e-05,1.9595917942265424e-05,130561.97567420159,877.4087801326389,392.3891352863495,53244.345153710616,808.7305961882556,361.6753177121744,0.0886549999842,0.800473768503112,0.033097999999999995,0.00042587556868174507,0.0001904573443057525,0.9844281457134636,0.006139588198484596,0.002745707313133405,25,5,0.0,0.0,0.0,0.24110800000000002,0.0011646973855899126,0.0005208685054790657,0.239072,0.0029277158332051325,0.0013093143243698225,497606.2616737971,3651.483719622306,1632.9931631618517,0.0,0.0,0.0,0.029654999984,0.800473768503112,0.064588,0.0006850693395562247,0.00030637232250972077,25,5,0.0,0.0,0.0,0.326488,0.0024337049944477664,0.0010883859609531908,0.32547200000000004,0.0050335196433509526,0.0022510584177226453,371489.1339950551,1784.5431889708068,798.0719758645954,0.0,0.0,0.0,0.03615499997879999,0.800473768503112,0.048268,0.0007512123534660506,0.00033595237757753774,25,5,0.0,0.0,0.0,2.8000000000000003e-05,3.0331501776206206e-05,1.3564659966250538e-05,1.6000000000000003e-05,3.577708763999664e-05,1.6000000000000003e-05,130648.20285053039,831.6309142888406,371.9166513080297,0.0,0.0,0.0,0.08965499998399999,0.800473768503112,0.033194,0.0006312527227664072,0.00028230479981750307,0.025473164602572936,0.02600427233002917,0.011629464127072412,25,5,0.008826269199999999,0.0005147793321523312,0.00023021631602091112,0.029504000000000002,0.0008350329334822669,0.0003734380805434818,0.029487999999999997,0.0014561318621608417,0.0006512019655989991,111265.05963223739,0.0,0.0,23271.29523731916,994.1234753465878,444.5855337806613,0.095397000095,0.800473768503112,0.041812,0.0013168599014321922,0.0005889176512892108,25,5,0.006387321499999999,0.0004530348117646426,0.00020260332705591245,0.029044999999999998,0.0004826359911983353,0.00021584137694149357,0.028199999999999996,0.0016688319268278627,0.0007463243262818112,49261.129361646854,276.37238353849284,123.59748733914276,16346.757322818352,878.1201798764001,392.7072829235947,0.208718250215,0.800473768503112,0.019135000000000003,0.0006762950539520457,0.00030244834269673235,-2.657914982208193,0.008873176082761964,0.00396820497947621,20,5,0.0,0.0,0.0,0.24245599999999995,0.002221954094935353,0.000993688079831894,0.24145599999999998,0.003671032552293689,0.001641735666908648,111265.05963223739,678.2437773699002,303.31983830306604,0.0,0.0,0.0,0.095397000095,0.800473768503112,0.042132,0.000962766846126308,0.00043056242288430093,25,5,0.0,0.0,0.0,0.24237000000000003,0.003320410366204749,0.0014849326584057579,0.24226,0.006085063680850029,0.00272132320755915,49535.36182863091,254.9705363906334,114.02629032580803,0.0,0.0,0.0,0.20720730021339998,0.800473768503112,0.0187,0.0005873670062235359,0.00026267851073127365,-1.4654794292146698,0.005069066173070244,0.002266955309085956,20,5
36000,20260805,0.018884180000000004,0.0005129596666893045,0.00022940253688658385,0.015215999999999999,0.00045108757464598794,0.00020173249614278792,0.015056,0.0013027969910926259,0.0005826285265930599,475345.41734424897,5206.980797404716,2328.632604106601,141284.58720308155,3857.7344571513104,1725.2312970667158,0.030949999983,0.8094539282036752,0.061959999999999994,0.0006865857557508721,0.00030705048444840344,25,5,0.0066077332,0.0006026178385189078,0.0002694988902764538,0.028992,0.0010685129854147777,0.00047785353404573687,0.029679999999999995,0.002778776709273348,0.0012427067232456753,248629.40733212963,1738.251973605916,777.3699150011996,51156.94190633846,3987.1013793429574,1783.0859434788056,0.0494499999682,0.8094539282036752,0.031383999999999995,0.0009861440057111351,0.00044101700647480776,25,5,0.012648542799999999,0.00018763421181170584,8.391257050311364e-05,2e-05,3.464101615137755e-05,1.5491933384829667e-05,1.6000000000000003e-05,3.5777087639996646e-05,1.6000000000000003e-05,125212.69918496018,0.0,0.0,50136.57024394376,451.3383517457977,201.8446470712629,0.089699999984,0.8094539282036752,0.031264,0.0004887535166113876,0.00021857721747702707,0.9789824142615903,0.004699480455940604,0.002101671551682979,25,5,0.0,0.0,0.0,0.24138,0.002864192730945317,0.0012809059294108989,0.24065599999999998,0.005334386562670545,0.002385610194478556,474934.4341734375,2702.172742005028,1208.4483876140487,0.0,0.0,0.0,0.0306999999832,0.8094539282036752,0.061744,0.0008975967914381199,0.00040141748840826744,25,5,0.0,0.0,0.0,0.32545599999999997,0.0014871718125354359,0.0006650834534101616,0.326192,0.0031767152846926623,0.001420670264347078,355331.9350908104,1548.7916739661823,692.640693194815,0.0,0.0,0.0,0.037199999978,0.8094539282036752,0.045828,0.001109648593023938,0.0004962499370277049,25,5,0.0,0.0,0.0,2.8000000000000003e-05,1.788854381999832e-05,8.000000000000001e-06,1.6000000000000003e-05,3.577708763999664e-05,1.6000000000000003e-05,124950.90207024256,800.4725006364883,357.9821851084863,0.0,0.0,0.0,0.09069999998379999,0.8094539282036752,0.031979999999999995,0.000389486841883011,0.00017418381095842493,0.013049313057457532,0.01649386973088344,0.007376282786056306,25,5,0.008795738400000001,5.295984621201243e-05,2.3684363241598905e-05,0.02918,0.0006817624219623747,0.00030489342400255305,0.029024,0.00047799581588127144,0.0002137662274541993,105691.57220301188,707.6010029678048,316.44878871660836,22393.32662520963,326.6092618841552,146.0641023308004,0.1003152500998,0.8094539282036755,0.041152,0.0004993195369700661,0.0002233024854317574,25,5,0.0058474684999999995,0.00035829659091927583,0.0001602351066803869,0.02988,0.0010624852940158763,0.00047515786850266993,0.029959999999999997,0.001712600362022617,0.0007658981655546642,47267.4260487424,312.98358495786186,139.97051436147194,15314.421896152746,791.8969341701024,354.147075195605,0.217105000223,0.8094539282036755,0.0179,0.00039250796170268944,0.00017553489681541954,-2.6562583337174024,0.007416645411137465,0.003316824660863049,20,5,0.0,0.0,0.0,0.24118000000000003,0.0027535431719876856,0.0012314219423089719,0.242144,0.0030522909428820875,0.001365026007078255,105502.23349401137,597.9773810251064,267.42361459588614,0.0,0.0,0.0,0.1003152500998,0.8094539282036755,0.040344,0.0015978986200632396,0.0007146019871229026,25,5,0.0,0.0,0.0,0.24322,0.000996462493022201,0.00044563157428531027,0.24165999999999999,0.0020995237555217067,0.000938935567544437,47097.68031863605,148.74088871335994,66.5189476393608,0.0,0.0,0.0,0.2186217502246,0.8094539282036755,0.017805,0.0006265979572261624,0.0002802231253840409,-1.4639248936334885,0.010776148347920149,0.004819240048314301,20,5
37000,20260805,0.017934532799999996,0.0006491386007973946,0.0002903036076404147,0.015068000000000002,0.000697796531948964,0.00031206409598029747,0.015456000000000001,0.0007723211767134198,0.00034539253031876685,453857.549258347,1230.0303292537278,550.0862861195567,133310.56633525479,2568.20906690908,1148.5380108080017,0.031494999982600004,0.8180299141390016,0.059340000000000004,0.0013738267721950979,0.0006143940103874714,25,5,0.006581364399999999,0.0003056087805525227,0.0001366724015672513,0.028987999999999996,0.0007676718048749752,0.0003433132680220798,0.028704,0.0017649022635828863,0.000789288287002917,237383.4000159009,921.844010226905,412.2611743036741,50325.166703816096,2557.583272428411,1143.786011053258,0.051494999966599994,0.8180299141390016,0.030487999999999998,0.00043877101089292644,0.00019622436138257683,25,5,0.012224789,0.00025613507132956264,0.0001145470861829319,2e-05,2e-05,8.94427190999916e-06,1.6000000000000003e-05,3.577708763999664e-05,1.6000000000000003e-05,119289.69111263086,1039.8629137176063,465.0408324707132,47386.6059950309,736.636423254485,329.43382341986705,0.094744999983,0.8180299141390016,0.03049,0.0003745664160065601,0.00016751119365582674,0.9783655853842547,0.005500929922820611,0.002460090649377911,25,5,0.0,0.0,0.0,0.24187599999999998,0.0011845167791128845,0.0005297320077171026,0.24216000000000001,0.0031939943644283555,0.0014283977037226078,453244.8090062893,1077.832388270546,482.02129770477757,0.0,0.0,0.0,0.031244999982800004,0.8180299141390016,0.058988,0.0004948939280290276,0.00022132329294495884,25,5,0.0,0.0,0.0,0.32524,0.0011015443704181815,0.0004926256184974524,0.323808,0.003169151305949279,0.0014172875502169644,338527.72692982416,3356.8753892060045,1501.240312452138,0.0,0.0,0.0,0.0387449999768,0.8180299141390016,0.04346799999999999,0.0007524094629920603,0.0003364877412328718,25,5,0.0,0.0,0.0,3.6e-05,2.190890230020665e-05,9.797958971132714e-06,1.6000000000000003e-05,3.577708763999664e-05,1.6000000000000003e-05,120172.0440539838,805.4743494333991,360.2190798930999,0.0,0.0,0.0,0.094744999983,0.8180299141390016,0.030529999999999995,0.0005790077719685634,0.00025894014752448095,0.02289563689290059,0.03257696517262036,0.01456886172532446,25,5,0.0080890268,0.0003844717402972551,0.0001719409893464615,0.029432000000000003,0.0005563452165697111,0.0002488051446413433,0.029168,0.0017650835674267668,0.0007893693685468168,100458.2485910346,623.2117697074909,278.7087762887788,21197.11381516472,1159.2434485002354,518.4294306635605,0.10450702510380001,0.8180299141390016,0.037972,0.0005352756299328386,0.00023938253904576967,25,5,0.0057828785,0.0005777157196169243,0.0002583623241467303,0.029545,0.0008793463481473038,0.00039325564204471347,0.029220000000000003,0.0024437675830569485,0.00109288608738514,45030.04901157267,294.1950966164875,131.56804693631688,15087.287602853079,958.5852853878207,428.6923720716406,0.2270723002326,0.8180299141390016,0.017155,0.0007295974917720028,0.00032628591756310834,-2.663250894306065,0.01151305023779327,0.005148792592015174,20,5,0.0,0.0,0.0,0.24102800000000002,0.0033561465998969797,0.0015009143879648869,0.24155200000000004,0.0037789310657909566,0.0016899893490788618,100769.61706731902,432.5163473391986,193.42719080607165,0.0,0.0,0.0,0.10602957510540001,0.8180299141390016,0.038292,0.0008812037221891442,0.0003940862849681532,25,5,0.0,0.0,0.0,0.24156499999999997,0.00288772185294915,0.00129142847266119,0.2424,0.005278730908087657,0.002360720229082639,44646.04940121656,104.59878873404774,46.77800039469398,0.0,0.0,0.0,0.23011740023580002,0.8180299141390016,0.01666,0.000703251377531534,0.00031450357708617566,-1.4666859622310278,0.012033188135353432,0.005381405331338842,20,5
38000,20260805,0.017131974799999998,0.0005463418039937995,0.00024433148253600034,0.015292,0.0009241861284395048,0.00041330860141061687,0.014976,0.0008359904305672423,0.0003738662862575344,434583.79432517133,2338.3717430469515,1045.7516348235308,129134.3096341501,2377.5083540304513,1063.254059337145,0.032289999982,0.8262199171250625,0.05614,0.001193649864910142,0.0005338164478545036,25,5,0.0065313968,8.183878759610214e-05,3.65994184522102e-05,0.029476000000000002,0.0005980635417746164,0.0002674621468544655,0.027888000000000003,0.0005141206084179081,0.00022992172581119864,228426.03394571802,1532.5020407581399,685.3557477584708,49496.78208037996,710.315412990879,317.6627097826885,0.05328999996520001,0.8262199171250625,0.029528,0.00046402586134826405,0.0002075186738585221,25,5,0.011593438600000002,0.0003582669047934794,0.00016022183064133303,4.4000000000000006e-05,2.9664793948382654e-05,1.32664991614216e-05,3.2000000000000005e-05,4.38178046004133e-05,1.9595917942265427e-05,114360.71207694247,680.0992792687289,304.14964397869824,45308.34640433188,941.8092941076311,421.189920693151,0.09878999998219999,0.8262199171250625,0.028994,0.0005496635334456883,0.00024581700510745765,0.9810229019492749,0.010445051798696254,0.004671169170078255,25,5,0.0,0.0,0.0,0.24106,0.0012428998350631246,0.0005558417040848846,0.24062400000000003,0.002088750822860405,0.0009341177655948975,433950.93308068515,923.2509800508709,412.8903903374099,0.0,0.0,0.0,0.0325399999818,0.8262199171250625,0.056636,0.0006236024374551463,0.0002788834882168536,25,5,0.0,0.0,0.0,0.325068,0.002085070742205145,0.0009324719834933288,0.32752,0.004184925327888163,0.0018715555027837055,324776.3655462793,2063.5033393677318,922.8267477248132,0.0,0.0,0.0,0.0402899999756,0.8262199171250625,0.041336000000000005,0.0008691835249243962,0.0003887106893307665,25,5,0.0,0.0,0.0,8.000000000000001e-06,1.0954451150103323e-05,4.898979485566356e-06,1.6000000000000003e-05,3.577708763999664e-05,1.6000000000000003e-05,114360.71207694247,680.0992792687289,304.14964397869824,0.0,0.0,0.0,0.09878999998219999,0.8262199171250625,0.029034000000000004,0.0007077994066117887,0.0003165375175235947,0.027124433003670494,0.013724165252038803,0.006137633287599859,25,5,0.007627848400000001,0.0005738898300935468,0.00025665133433699504,0.029347999999999996,0.0007702726789910182,0.0003444764142869581,0.030303999999999998,0.002207188256583476,0.0009870845961719799,95687.10445288186,579.2878100628981,259.0653843675253,19567.634801173393,1192.04797245825,533.1000597714888,0.1102561501094,0.8262199171250625,0.036948,0.0012944960409363962,0.0005789162288276265,25,5,0.0052397665,0.00021898260556348973,9.793199838599734e-05,0.02943,0.0010361286117080248,0.00046337080184232556,0.030359999999999998,0.001866279721799496,0.0008346256645946138,42804.60130974665,202.06831199476136,90.3676963437845,13817.146058303955,641.3204946585623,286.8072442840672,0.2394017252446,0.8262199171250625,0.016155000000000003,0.00031194951514628127,0.00013950806428303703,-2.6616428146068913,0.008416632626504257,0.003764032538901223,20,5,0.0,0.0,0.0,0.241724,0.0015295358773170344,0.0006840292391411335,0.24360000000000004,0.004720000000000022,0.002110848170759811,95974.70901930725,640.2298827320731,286.31950780312684,0.0,0.0,0.0,0.11102032511019999,0.8262199171250625,0.036796,0.0006605149506256451,0.0002953912659507719,25,5,0.0,0.0,0.0,0.242315,0.0004976821274669316,0.00022257021364055485,0.24367999999999998,0.001572259520562693,0.000703135833249882,42594.690026951204,258.3626456954408,115.5432877243398,0.0,0.0,0.0,0.24093007524619997,0.8262199171250625,0.016375,0.0007093130479555557,0.00031721443851123813,-1.4552073786326072,0.012437861375930668,0.0055623807062600075,20,5
39000,20260805,0.0165228008,0.0005160529012816432,0.0002307858734503485,0.015344,0.000539147475186522,0.00024111408088288883,0.015343999999999997,0.0011417880714037958,0.0005106231487114542,416663.44466947665,3914.1989576767096,1750.4829893647889,123096.92768044998,3104.1015265971137,1388.1964045064035,0.033584999981,0.834041309256244,0.054644000000000005,0.0011199464272901652,0.0005008552685157669,25,5,0.0058881127999999994,0.0003788993366201637,0.00016944893466245227,0.029276000000000003,0.0012658119923590553,0.0005660883323298584,0.029247999999999996,0.002438753780109832,0.0010906438465420317,216967.9782628978,453.6419926048721,202.87486658259016,45314.18939677509,3284.242729523128,1468.757999564634,0.055584999963399995,0.834041309256244,0.027748000000000002,0.0012142981511968128,0.0005430506422056782,25,5,0.0112457098,0.00029636611974076895,0.00013253895799364033,3.9999999999999996e-05,2.449489742783178e-05,1.0954451150103321e-05,4.800000000000001e-05,4.381780460041329e-05,1.9595917942265424e-05,109338.39532394423,729.438873304207,326.2149812278127,43429.400352366465,896.5731267977187,400.9596916638475,0.10183499998159999,0.834041309256244,0.028064,0.0006916140542238845,0.00030929920788776627,0.986118598460836,0.009342697139495022,0.004178181179420741,25,5,0.0,0.0,0.0,0.24264400000000003,0.0029058010943628053,0.0012995137552177026,0.24192,0.004959354796745258,0.00221789089001241,416663.4446694766,2092.22734904198,935.6725153684092,0.0,0.0,0.0,0.033584999981,0.834041309256244,0.053864,0.0013049444432618577,0.0005835888963988263,25,5,0.0,0.0,0.0,0.324624,0.0019251701223528346,0.000860962252366505,0.32489599999999996,0.004267983130238439,0.0019087000812070976,310045.32884788257,3128.7857787302573,1399.235537655094,0.0,0.0,0.0,0.0415849999746,0.834041309256244,0.040336,0.0008247908825878212,0.0003688576961376832,25,5,0.0,0.0,0.0,2.8000000000000003e-05,2.2803508501982765e-05,1.0198039027185571e-05,3.2000000000000005e-05,4.381780460041329e-05,1.9595917942265424e-05,109076.95741539521,561.4385553890548,251.0829550078415,0.0,0.0,0.0,0.10183499998159999,0.834041309256244,0.027994,0.0005472933399923674,0.00024475702237116754,0.014391795913296137,0.018725784277556227,0.008374425315322502,25,5,0.0073988508000000005,0.0003779140341257519,0.0001690082939912713,0.030128,0.0006498615237110149,0.0002906269085958841,0.030015999999999998,0.0013604705068468058,0.0006084209069386101,91191.52474455163,454.09961643308736,203.07952218019278,18794.976655710958,755.6502796379,337.9370784974139,0.116045875115,0.834041309256244,0.035556,0.0009164496712858825,0.0004098487525905141,25,5,0.0052236985,0.00032495568075989245,0.000145324598370768,0.030250000000000006,0.0005223145603944045,0.00023358617253596152,0.030160000000000003,0.002469412885687608,0.0011043550153822818,40615.809892007164,133.4802948367728,59.69420258234763,13608.882528896396,737.368966627051,329.76142677537194,0.25105107525579995,0.834041309256244,0.015524999999999997,0.0002931509849889642,0.00013110110602126886,-2.6656078528360925,0.0092821466087039,0.004151102158836212,20,5,0.0,0.0,0.0,0.24353999999999995,0.001456434001250975,0.0006513370863078387,0.242768,0.003045048439680402,0.0013617870611810094,90943.20979454131,340.3560015454769,152.21183120114196,0.0,0.0,0.0,0.1168129501158,0.834041309256244,0.03548,0.0012350708481702563,0.000552340474707403,25,5,0.0,0.0,0.0,0.24192999999999998,0.002962072754001825,0.0013246792064496185,0.24541999999999997,0.0039060209932871427,0.00174682569250626,40713.85090889471,212.2335647727817,94.91373558780892,0.0,0.0,0.0,0.2533523002582,0.834041309256244,0.015375000000000003,0.00044721359549995817,0.0002000000000000001,-1.4624932391272563,0.016170510474104987,0.007231672130194221,20,5
40000,20260805,0.01546735,0.000576325312454694,0.00025774051516050037,0.015292,0.0005903558249056236,0.00026401515108038755,0.015744,0.0006050454528380504,0.00027058455240460474,395841.05434095557,1883.0046141378143,842.1052638315829,115742.81795435007,2209.1133527116926,987.9455253331628,0.03487999998,0.8415106807538887,0.05160799999999999,0.0016871632997430951,0.0007545223654736828,25,5,0.0055037639999999995,0.0003060732252255985,0.00013688010753940832,0.02938,0.0010327632836231167,0.0004618657813694368,0.030352,0.0018291856111395585,0.0008180366739945099,208154.4787672021,1200.079203314821,536.6917353991461,42242.61351812966,2424.778428921684,1084.3938794888054,0.0576299999618,0.8415106807538887,0.026724000000000005,0.000533928834209204,0.00023878023368779905,25,5,0.010618917400000002,0.0002543817948778958,0.00011376299711707656,4.000000000000001e-05,4.2426406871192855e-05,1.8973665961010275e-05,0.0,0.0,0.0,104269.51195194638,790.7347552738586,353.6273329928016,40852.60566768245,307.0360115767862,137.31067868522126,0.1058799999808,0.8415106807538887,0.026868000000000003,0.0006746628787772465,0.00030171841176832465,0.9820632337125987,0.0036732529643582527,0.001642728665371533,25,5,0.0,0.0,0.0,0.242408,0.000688563722541339,0.00030793505808854766,0.24233600000000002,0.0049739802975082145,0.002224431612794599,397261.29347221926,2134.363030001478,954.5161647491454,0.0,0.0,0.0,0.03462999998019999,0.8415106807538887,0.051059999999999994,0.0005907622195096753,0.00026419689627245726,25,5,0.0,0.0,0.0,0.32501199999999997,0.0031893761145402847,0.0014263323595852463,0.322672,0.005180455578421649,0.0023167701655537596,297032.7352409428,936.7383420084192,418.9221219722544,0.0,0.0,0.0,0.043129999973399995,0.8415106807538887,0.037899999999999996,0.0003839270764090495,0.0001716974082506781,25,5,0.0,0.0,0.0,4e-05,3.1622776601683795e-05,1.4142135623730951e-05,3.2000000000000005e-05,7.155417527999328e-05,3.2000000000000005e-05,104523.62887170508,603.5845044848901,269.93119643874815,0.0,0.0,0.0,0.10687999998059998,0.8415106807538887,0.026622,0.00044127089185669365,0.00019734234213670507,0.041358769353132104,0.03794852508883583,0.016971096348898634,25,5,0.0069804624,0.0004928348796613326,0.00022040245852113365,0.029752,0.0008619280712449261,0.0003854659518037873,0.030288000000000002,0.002135115921911502,0.0009548528682472502,86606.01207874392,408.92738846207936,182.87788769253453,17714.756892694135,1138.3811611289973,509.0995321179158,0.1218762001206,0.8415106807538886,0.033839999999999995,0.0005844655678480966,0.0002613809480432719,25,5,0.0049876626666666675,0.00036315608864355946,0.00016240834012998766,0.029633333333333334,0.0007374882296612536,0.0003298147628257079,0.02962666666666667,0.0010039920318408923,0.0004489988864128737,38505.75869840449,167.21673928435965,74.78159920313753,12630.927225931504,977.704403280202,437.24270152708,0.26663150027099997,0.8415106807538886,0.015093333333333334,0.000363165098665729,0.00016241236953439765,-2.6613444149308143,0.017807529942458246,0.00796376949253991,15,5,0.0,0.0,0.0,0.24144000000000002,0.0026442390209661447,0.0011825396399275582,0.24241600000000002,0.003721247102786904,0.0016641922965811328,87187.72587367792,408.7458849552938,182.7967168566691,0.0,0.0,0.0,0.1211062251198,0.8415106807538886,0.03330799999999999,0.0005296413881108629,0.00023686282950264765,25,5,0.0,0.0,0.0,0.2405266666666667,0.0039106265482656295,0.001748885359307462,0.2380266666666667,0.004464576625442143,0.00199661936504905,38544.96883745546,248.76473039141987,111.25096951192454,0.0,0.0,0.0,0.2658615252702,0.8415106807538886,0.015346666666666666,0.0004622409184253022,0.00020672042311618215,-1.460560854823989,0.012961347535093967,0.0057964908336938905,15,5
41000,20260805,0.014974013600000002,0.0006832593376447915,0.00030556286504704696,0.015279999999999998,0.0006398437309218564,0.000286146815463671,0.014799999999999999,0.0020684293558156635,0.0009250297292519847,378302.99415260495,1934.115529706178,864.9627601522055,113383.0588284573,5758.6979836870905,2575.368030683062,0.0359249999792,0.8486438751563792,0.0489,0.0001827566688249729,8.17312669668112e-05,25,5,0.005412642,0.00044340752120819964,0.0001982978718312428,0.028860000000000004,0.0007480641683705998,0.0003345444664017018,0.029872,0.0024687486708857196,0.001104057969492545,198166.86588796758,458.6806111361298,205.12820529230666,40666.90265981867,2919.9121012542837,1305.8243893457654,0.05992499995999999,0.8486438751563792,0.025876,0.0006872263091587823,0.0003073369486410647,25,5,0.009666225,0.00035541419744996086,0.00015894606113332898,4e-05,3.7416573867739416e-05,1.673320053068151e-05,6.400000000000001e-05,0.0001043072384832424,4.6647615158762406e-05,99915.51571120415,386.7298504083649,172.95084688828572,37896.98256749565,853.1335264529022,381.53291180656083,0.11092499997980002,0.8486438751563792,0.025272,0.00043894190959624743,0.00019630078960615528,0.969791248654875,0.012020546716846462,0.005375751917116121,25,5,0.0,0.0,0.0,0.24101199999999995,0.002751530483203831,0.0012305218405213219,0.24048000000000003,0.00419866645495925,0.0018777007216273884,379295.728038609,1703.6708413627746,761.9047625142848,0.0,0.0,0.0,0.036174999979,0.8486438751563792,0.048799999999999996,0.0008157205403813244,0.00036480131578710067,25,5,0.0,0.0,0.0,0.32398800000000005,0.002619144898626251,0.0011713172072500184,0.322848,0.004109540120256773,0.0018378422130313611,283146.39526602905,946.4838007571055,423.28042361905096,0.0,0.0,0.0,0.044924999972,0.8486438751563792,0.03678,0.0009495261976375391,0.0004246410248668875,25,5,0.0,0.0,0.0,4.000000000000001e-05,2.4494897427831785e-05,1.0954451150103323e-05,0.0,0.0,0.0,99476.937735915,559.74513395229,250.32563391840915,0.0,0.0,0.0,0.10992499998000001,0.8486438751563792,0.025582000000000004,0.0003145155004129374,0.00014065560778013823,0.003237578989446851,0.0020464404575667072,0.0009151959950049862,25,5,0.006797861200000001,0.00043758552424548973,0.00019569419563655947,0.029884,0.0005034679731621459,0.00022515772249691958,0.029456,0.0016486600619897362,0.0007373031940796134,82557.2719352528,696.3244689050225,311.40576937361374,17300.98985528449,863.5601178166376,386.1958252191458,0.128520000127,0.8486438751563792,0.032196,0.0008154017414747169,0.0003646587445818353,25,5,0.00477819,0.00042535430856065264,0.000190224229692808,0.029826666666666668,0.001842914358654067,0.0008241763565321842,0.030559999999999997,0.0027103095354180074,0.0012120872722521077,36658.25377524752,145.89970114365505,65.2483299308233,12000.002094773248,932.0443985743643,416.8229266520373,0.27768487528139996,0.8486438751563792,0.01452,0.0006247666230948434,0.00027940412786261196,-2.658166603977078,0.0073837397484926804,0.0033021088011593665,15,5,0.0,0.0,0.0,0.241336,0.0029699292920876124,0.0013281927570951459,0.242496,0.001180372822459061,0.0005278787739623501,82445.97126530317,381.48776493312164,170.60651499498408,0.0,0.0,0.0,0.128520000127,0.8486438751563792,0.032192,0.0008516572080361887,0.00038087268213931957,25,5,0.0,0.0,0.0,0.23944666666666667,0.002205246269946083,0.0009862161133454585,0.24058666666666667,0.005848152604788016,0.002615373353419693,36725.748312970994,96.00173051145,42.93327907624357,0.0,0.0,0.0,0.2784577502822,0.8486438751563792,0.014166666666666666,0.0004082482904638631,0.0001825741858350554,-1.4638564088247263,0.014765430516530722,0.006603301270402505,15,5
42000,20260805,0.0145956492,0.00044744069084427275,0.00020010156012545231,0.014780000000000001,0.0005748043145279985,0.00025706030420895494,0.0144,0.0012185236969382257,0.0005449403637096449,361281.93814506923,1896.874659544076,848.3081367074648,109255.0126688834,3214.040787167815,1437.3627365128334,0.037469999978,0.8554560229254073,0.047224,0.0008818616671564762,0.00039438052690263486,25,5,0.005243116800000001,0.0003890114171630442,0.00017397119456001903,0.029160000000000002,0.001519210321186636,0.0006794115100585215,0.02912,0.0022371410326575297,0.0010004798848552627,189307.43991171182,1075.563018273545,481.006404588899,39845.67448252176,2375.7778422712163,1062.4801509512426,0.062219999958200004,0.8554560229254073,0.02458,0.0006104096984812755,0.00027298351598585644,25,5,0.0093381192,0.00031296841571107456,0.00013996373046807516,2.4000000000000004e-05,1.6733200530681514e-05,7.483314773547884e-06,0.0,0.0,0.0,95500.2876623753,796.8190730489558,356.34832262116714,36442.90974014642,531.3153412502852,237.61144410482714,0.114969999979,0.8554560229254073,0.024272,0.000613856660793055,0.0002745250443948602,0.9751956008833511,0.010709176100161356,0.004789289148595378,25,5,0.0,0.0,0.0,0.24137599999999998,0.0017182200091955572,0.0007684113481723159,0.240848,0.00280148532032562,0.0012528623228431719,362667.2195314588,0.0,0.0,0.0,0.0,0.0,0.037469999978,0.8554560229254073,0.046928,0.0010373620390201291,0.0004639224073053596,25,5,0.0,0.0,0.0,0.32644799999999996,0.0017454856057842756,0.000780604893656208,0.325616,0.004871927749874765,0.002178792326037513,271065.6649745639,1394.551806918233,623.6625276828661,0.0,0.0,0.0,0.046219999971,0.8554560229254073,0.03486,0.0005504543577809139,0.0002461706725018227,25,5,0.0,0.0,0.0,1.2000000000000002e-05,1.7888543819998323e-05,8.000000000000001e-06,0.0,0.0,0.0,95342.43768137423,72.95442231967661,32.626209513204955,0.0,0.0,0.0,0.1159699999788,0.8554560229254073,0.024518,0.00043077836528776606,0.00019264994160393613,0.036905384722108595,0.028042747793984125,0.012541098068646154,25,5,0.0065378395999999995,0.0002935311264803102,0.00013127111046441244,0.030028,0.000522800153022166,0.00023380333616097106,0.029776000000000004,0.0019094711309679433,0.000853941449983545,78720.65824974331,525.8518138546626,235.16808037411826,16375.736569774304,853.6092604346496,381.74566651103964,0.1336586501318,0.8554560229254072,0.031172,0.000484479101716473,0.0002166656410232137,25,5,0.004362314666666667,0.00011717871461527842,5.240391427916213e-05,0.029426666666666667,0.0008407668457360157,0.00037600236405876204,0.03024,0.0021111345027943827,0.0009441280515786919,34810.322003806534,68.33039801745939,30.55828297933121,11509.20941904656,569.2880817176281,254.5933699002143,0.2926925252958,0.8554560229254072,0.013140000000000002,0.0008817281011992557,0.0003943207943906699,-2.6634862496802354,0.01142057196114384,0.005107435049409143,15,5,0.0,0.0,0.0,0.24396,0.002341238988228249,0.001047033905850239,0.24287999999999998,0.003611094017053556,0.001614930339054907,78433.44043651498,244.05065079825303,109.14276902759141,0.0,0.0,0.0,0.1336586501318,0.8554560229254072,0.0304,0.0008608135686662938,0.00038496753109840316,25,5,0.0,0.0,0.0,0.24151999999999996,0.002544230946889672,0.0011378146695407926,0.23994666666666667,0.006901594018775667,0.0030864866758176703,34810.322003806315,204.0022822822686,91.2325941496507,0.0,0.0,0.0,0.2934683002966,0.8554560229254072,0.013426666666666665,0.0006422183775355891,0.0002872087897138402,-1.4632606578748304,0.017788437307235734,0.007955231006494482,15,5
43000,20260805,0.0133685828,0.0005147948531300604,0.00023022325721316705,0.015451999999999999,0.0004290920647133895,0.00019189580506097554,0.015823999999999998,0.0011667390453739004,0.0005217815634918505,346898.3102209849,1293.7073119254533,578.5634984907675,101476.03687199525,2971.641521950801,1328.9584895685848,0.0380149999776,0.8619615735397115,0.04467600000000001,0.0012104048909352587,0.0005413095232858915,25,5,0.004914925600000001,0.00026457606254308,0.00011832201221311256,0.029208,0.0007410263153222021,0.00033139704283532756,0.028688,0.0010470530072541684,0.0004682563400531802,181756.78049986888,501.92949300677355,224.4696932550302,38639.36557485359,1098.9015578532963,491.4437167880776,0.06476499995620001,0.8619615735397115,0.022752,0.0006088678017435302,0.0002722939588018797,25,5,0.008814728999999999,0.00018639227766058394,8.335716066601623e-05,3.6e-05,8.94427190999916e-06,4.000000000000001e-06,3.2000000000000005e-05,4.381780460041329e-05,1.9595917942265424e-05,91140.16420171608,387.19791825922306,173.16017319480596,34643.43000231493,618.6340650937286,276.6615645493214,0.120014999978,0.8619615735397115,0.023016000000000002,0.00042799532707729507,0.00019140532907941762,0.9766298824750523,0.009921159238361513,0.004436877294515276,25,5,0.0,0.0,0.0,0.240672,0.0020223550627918997,0.0009044246790087087,0.23905600000000002,0.0038505687891531018,0.001722026712917078,347437.4714202102,1414.1141370995406,632.411067699606,0.0,0.0,0.0,0.038764999976999996,0.8619615735397115,0.04506,0.00027784887978899564,0.00012425779653607233,25,5,0.0,0.0,0.0,0.32480000000000003,0.0006749814812274209,0.0003018608951156023,0.32628799999999997,0.003886633504718469,0.001738155344035749,258721.6794421239,1090.0401746095156,487.4807857265234,0.0,0.0,0.0,0.0480149999696,0.8619615735397115,0.032647999999999996,0.0009382536970350844,0.0004195998093421883,25,5,0.0,0.0,0.0,3.6e-05,1.6733200530681514e-05,7.483314773547884e-06,4.800000000000001e-05,4.381780460041329e-05,1.9595917942265424e-05,91313.32437491088,474.2186646014832,212.07703404961794,0.0,0.0,0.0,0.120014999978,0.8619615735397115,0.023252000000000002,0.0005014678454297926,0.00022426323818227468,0.023249021778447444,0.026448629806847087,0.011828186831967444,25,5,0.0062455791999999994,0.00036181389494213776,0.00016180809285891746,0.029688,0.0002978590270581042,0.00013320660644277403,0.028832000000000003,0.0010860570887388935,0.0004856994955731374,74511.88427833267,230.02667749209348,102.87105750214837,15911.911328694998,440.1125551507579,196.82431821364395,0.1388321001366,0.8619615735397115,0.029003999999999995,0.0011577046255414186,0.0005177412481153103,25,5,0.004401399333333334,0.00034759907006172766,0.000155451029914747,0.029366666666666662,0.0013349989596333847,0.0005970296847263492,0.0284,0.001873795909674027,0.000837987005998436,33275.669991600094,299.5557781939716,133.96541661891393,11275.141474690598,603.8337990754858,270.04268436894716,0.3078045753102,0.8619615735397115,0.0129,0.0006786424357167453,0.0003034981237357347,-2.663840007210868,0.00606187435758035,0.002710952626922506,15,5,0.0,0.0,0.0,0.241576,0.0011740868792385162,0.0005250676146935817,0.240448,0.0017450272204180594,0.0007803998974884579,74679.75785089124,305.24024967659744,136.507589549176,0.0,0.0,0.0,0.14038945013819998,0.8619615735397115,0.029536,0.0004966689037980909,0.0002221170862405669,25,5,0.0,0.0,0.0,0.24015999999999998,0.0026529229163320934,0.0011864231959971094,0.2412,0.004323578764557591,0.0019335632047250662,33448.25899280825,264.27936918166984,118.18932690819534,0.0,0.0,0.0,0.304689875307,0.8619615735397115,0.01302,0.00021550973166992908,9.637888196534013e-05,-1.4534360377466442,0.019779230906086808,0.008845540969734972,15,5
44000,20260805,0.0128686456,0.0002805508231689948,0.00012546614234987906,0.015444,0.00035983329473521393,0.0001609223415191311,0.015248000000000001,0.0003514541221838211,0.00015717506163510816,331697.80531177775,2425.101528125814,1084.5383738455878,98472.27166834482,630.8634138123834,282.1306955604138,0.040059999976,0.8681743261443593,0.042472,0.000806796132861334,0.0003608101994123789,25,5,0.004804284000000001,0.00021960148514525105,9.820876974893833e-05,0.029164000000000002,0.000892681354123632,0.00039921923801340063,0.028608,0.0013405670442018162,0.0005995198078462453,173259.84713437926,1001.9045777288719,448.0653485539959,37085.45039147113,1618.3478445849476,723.7471583464416,0.0678099999538,0.8681743261443593,0.022164,0.0003473902704452152,0.00015535765188750747,25,5,0.008457348599999998,0.0001852072969264441,8.282722117130337e-05,3.2000000000000005e-05,2.2803508501982765e-05,1.0198039027185571e-05,3.2000000000000005e-05,4.381780460041329e-05,1.9595917942265424e-05,87357.43068795654,650.6349766382343,290.9728072604159,33266.86131864049,640.1275599612852,286.27374766890125,0.1260599999768,0.8681743261443593,0.022054,0.00045130920664218876,0.00020183161298468672,0.9801138228134263,0.008027119547654175,0.003589836994414419,25,5,0.0,0.0,0.0,0.24314400000000003,0.0017010232214758217,0.0007607207109051235,0.24323200000000003,0.0048762608625872225,0.002180730152953358,331537.94760360534,1255.5532085667535,561.5004647446464,0.0,0.0,0.0,0.03980999997620001,0.8681743261443593,0.043068,0.0008838099343184602,0.0003952518184651402,25,5,0.0,0.0,0.0,0.32592,0.0022664068478541,0.0010135679552945582,0.32587200000000005,0.002275855882959176,0.0010177936922579046,246564.66639299557,883.423480553796,395.07899108755026,0.0,0.0,0.0,0.050059999968,0.8681743261443593,0.031656,0.0004763192206913346,0.00021301643129110971,25,5,0.0,0.0,0.0,2.4000000000000004e-05,1.6733200530681514e-05,7.483314773547884e-06,1.6000000000000003e-05,3.577708763999664e-05,1.6000000000000003e-05,87635.38719084693,353.528534062776,158.10276683004338,0.0,0.0,0.0,0.12505999997699999,0.8681743261443593,0.022676,0.0003464534600779742,0.00015493869755487196,0.02667071402329583,0.02259131843438057,0.010103144744123814,25,5,0.005667222799999999,0.00030364317410605464,0.0001357933556409884,0.029759999999999998,0.0008911789943664533,0.0003985473623046583,0.030736000000000003,0.0014766448455874573,0.0006603756506716469,71022.26075870369,326.8191055487084,146.15794727051815,14362.035638409458,603.5913506379585,269.93425813147724,0.1463850751438,0.8681743261443593,0.027860000000000003,0.0009992997548283497,0.0004469004363390127,25,5,0.004127021999999999,0.00025983450577670043,0.00011620152356335278,0.03006666666666667,0.0006863753427324654,0.00030695638488590173,0.030213333333333335,0.0028481572990268636,0.0012737346662472526,31570.631991866998,213.30743871233108,95.3939866134285,10476.162132550166,448.6016214112539,200.62074405843777,0.3230210253246,0.8681743261443593,0.012353333333333334,0.0002977694857883634,0.0001331665623695876,-2.667141338937521,0.008229354864718817,0.003680279377695972,15,5,0.0,0.0,0.0,0.241284,0.0023429212534782353,0.00104778623774127,0.23900799999999997,0.0052161595067635735,0.002332737447721025,70791.72603075487,329.39021028781264,147.30778026529993,0.0,0.0,0.0,0.1471666501446,0.8681743261443593,0.027960000000000002,0.0008115417426109399,0.0003629325006113398,25,5,0.0,0.0,0.0,0.24092000000000002,0.0012221565638929597,0.0005465650312024445,0.2413866666666667,0.0029583779339360933,0.0013230268326832972,31594.364490833315,159.906582591314,71.51239774477251,0.0,0.0,0.0,0.3245841753262,0.8681743261443593,0.01244,0.0008509471846778219,0.00038055515004033544,-1.4715312366277413,0.014726874582744506,0.006586058532626113,15,5
45000,20260805,0.012599976799999999,0.0007699741938488583,0.0003443429276733295,0.015084,0.0006623292232719309,0.00029620263334413465,0.014879999999999999,0.0015686937240902052,0.0007015411605885997,316789.0889926796,1192.5695889539422,533.3333337599994,94802.50037518589,3488.3305361440234,1560.0288413612645,0.041354999975,0.8741074588205834,0.041188,0.0013057258517774719,0.0005839383529106483,25,5,0.0045891628,0.00032754080914170055,0.0001464807029292254,0.029356,0.001313042268931202,0.0005872103541321455,0.029136000000000002,0.0018386081692410687,0.0008222505700818934,165421.29865173332,503.85697721949117,225.33169040006902,34794.543169073186,1831.8099668384311,819.2103215424735,0.06985499995219999,0.8741074588205834,0.021495999999999998,0.0007551688552899941,0.00033772177898382566,25,5,0.0082455122,0.00013994391932556423,6.258482332994163e-05,5.2000000000000004e-05,3.898717737923586e-05,1.7435595774162695e-05,8e-05,5.6568542494923805e-05,2.5298221281347034e-05,83269.62200948384,290.8770323834602,130.08416350056493,31718.37161470172,236.31759712511754,105.68444229023433,0.13210499997560002,0.8741074588205834,0.02149,0.0004762352359916255,0.0002129788721915858,0.9837723845683011,0.0045282695913044955,0.0020251037253204082,25,5,0.0,0.0,0.0,0.2433,0.001469489707347414,0.0006571757755730179,0.24235199999999998,0.0034694552886584394,0.0015515875740672851,316789.0889926796,1192.5695889539422,533.3333337599994,0.0,0.0,0.0,0.041354999975,0.8741074588205834,0.041052,0.0005037062636100521,0.00022526428922490103,25,5,0.0,0.0,0.0,0.32536,0.0033735737727223513,0.0015087080565835205,0.328288,0.003382117679797671,0.0015125290079862918,237159.416958638,1049.7971103798052,469.48354027841884,0.0,0.0,0.0,0.0516049999668,0.8741074588205834,0.030839999999999996,0.0005215361924162131,0.00023323807579381256,25,5,0.0,0.0,0.0,2e-05,2.4494897427831785e-05,1.0954451150103323e-05,1.6000000000000003e-05,3.577708763999664e-05,1.6000000000000003e-05,83281.2162123847,574.232642193291,256.8046445687025,0.0,0.0,0.0,0.13210499997560002,0.8741074588205834,0.021248,0.0003816018867877876,0.00017065755183993437,0.023465970200590526,0.03318150857007471,0.014839221751735777,25,5,0.0058479796,0.0002962419536912352,0.00013248342924818932,0.029831999999999997,0.0009275343659401514,0.0004148059787418688,0.02888,0.00215629311551097,0.0009643235971394669,67900.78051073747,300.624855354819,134.44352245988338,14487.025647474016,863.1011945178726,385.99058848064635,0.1555592001526,0.8741074588205834,0.027224000000000005,0.0009613948200401318,0.00042994883416518233,25,5,0.0039341816666666665,0.0001569416655073543,7.018644651529564e-05,0.030180000000000002,0.0005837379549078513,0.0002610555496441325,0.03198666666666667,0.0022437072496701155,0.0010034163863742941,29938.216096897155,220.58883967721215,98.65032811920982,9563.486896579978,506.30206638473754,226.42516751697687,0.3406953003414,0.8741074588205834,0.012233333333333332,0.0003525699300217696,0.00015767406607020414,-2.6660022296726082,0.013063026293179836,0.005841962956683442,11,5,0.0,0.0,0.0,0.242956,0.0015076737047517944,0.000674252178342792,0.24401599999999996,0.0018131960732364304,0.000810885935258469,67610.34528338765,318.2339337094417,142.3185417042947,0.0,0.0,0.0,0.1555592001526,0.8741074588205834,0.026568,0.0008570414225695258,0.00038328057607971643,25,5,0.0,0.0,0.0,0.24017,0.00405394869232456,0.001812980970666819,0.2394,0.006300793600809341,0.002817800560721072,29971.68864674805,147.2242799732261,65.84069959171889,0.0,0.0,0.0,0.33991082534059996,0.8741074588205834,0.012710000000000003,0.0008406842451241729,0.0003759654239421493,-1.471540447462115,0.013736039417571125,0.006142943575861131,12,5
46000,20260805,0.012068364000000002,0.00025982379738969253,0.00011619673462709698,0.015095999999999998,0.00043044163367406704,0.00019249935064825528,0.014784,0.0010266839825379573,0.00045914703527301587,302208.633115183,1994.6861672796588,892.0507727631667,90772.47284274129,2141.6803077098098,957.7885508223603,0.042649999974,0.8797735565382588,0.039404,0.00033057525618230703,0.00014783774890060922,25,5,0.004391437999999999,0.00016795415176172303,7.511138008850575e-05,0.029671999999999997,0.000868746223013373,0.0003885151219708188,0.028912,0.0010501047566790673,0.0004696211238860542,158560.05653533133,571.6251422925867,255.63853516284274,33599.899146203024,1007.324272103641,450.4891095618472,0.07364999994919999,0.8797735565382588,0.020456,0.0004819543546851732,0.0002155365398256183,25,5,0.007756478799999999,0.0002080314363592668,9.303448663124838e-05,4.000000000000001e-05,1.4142135623730953e-05,6.324555320336759e-06,6.400000000000001e-05,6.693280212272606e-05,2.9933259094191536e-05,79781.86247092503,339.9620787087153,152.03566355296425,30480.27887650364,385.9819180852968,172.6163613848958,0.13614999997479998,0.8797735565382588,0.020156,0.0004893158489156067,0.00021882870012866266,0.9877357721979575,0.004757659958719804,0.002127690216305265,25,5,0.0,0.0,0.0,0.242808,0.0019035020357225858,0.0008512719894369869,0.24272,0.0031824518849465854,0.001423235749972581,302700.94080788444,1317.0555317043807,589.0051398066249,0.0,0.0,0.0,0.042649999974,0.8797735565382588,0.039228000000000006,0.0006753665671322497,0.0003020331107676771,25,5,0.0,0.0,0.0,0.324536,0.0007741317717288019,0.00034620225302559016,0.321136,0.0026882856991027023,0.0012022379132268376,226209.02733159545,1339.8882528017384,599.216243103622,0.0,0.0,0.0,0.0541499999648,0.8797735565382588,0.028636,0.000316985804098544,0.00014176036117335514,25,5,0.0,0.0,0.0,4.800000000000001e-05,1.788854381999832e-05,8.000000000000001e-06,1.6000000000000003e-05,3.577708763999664e-05,1.6000000000000003e-05,79762.1630083793,365.14837174313834,163.29931621820413,0.0,0.0,0.0,0.135149999975,0.8797735565382588,0.020332,0.0003188573348693738,0.00014259733517846677,0.049567982549517796,0.03692506482360635,0.016513391003834015,25,5,0.0052865483999999996,0.00014533393775302466,6.499531285069724e-05,0.029848000000000003,0.000468529614859083,0.000209532813659341,0.029552000000000002,0.0010332085946216255,0.0004620649305021956,64482.52709705059,329.9981181226156,147.57964491383476,13502.992545490517,400.0018941446157,178.88628528720713,0.1608602501574,0.8797735565382588,0.025068,0.0002766224864323229,0.00012370933675353744,25,5,0.003706508,0.0005821659225534418,0.00026035251540267474,0.028849999999999997,0.0012985568913220545,0.0005807322963293841,0.027800000000000002,0.00406201920231798,0.001816590212458495,28575.628904840712,177.02825429425027,79.16944210801253,9583.697509216532,1217.9503838937453,544.6839703216759,0.35691662535659996,0.8797735565382588,0.010949999999999998,0.0005689903338370523,0.0002544602129999895,-2.655954715894497,0.01963937728929737,0.008782996530926894,10,5,0.0,0.0,0.0,0.240348,0.0020541470249229934,0.0009186424767013535,0.239296,0.003582356766152686,0.0016020786497547446,64290.06215713023,283.30067551609045,126.6959137051177,0.0,0.0,0.0,0.162435000159,0.8797735565382588,0.02518,0.0011906300852909774,0.0005324659613533995,25,5,0.0,0.0,0.0,0.24032,0.001964242856675318,0.0008784361103688775,0.2406,0.007237402849088884,0.003236664950222679,28574.883338251337,71.32887944832768,31.89924464106968,0.0,0.0,0.0,0.3561292503558,0.8797735565382588,0.01072,0.0006987488819311267,0.00031248999983999476,-1.4657773007992068,0.010459203865862455,0.004677498166919408,10,5
47000,20260805,0.011343930399999999,0.00018878063423667126,8.44252661977442e-05,0.0152,0.00045869379764718965,0.0002051341024793298,0.014895999999999998,0.00020707486568871664,9.260669522232184e-05,290813.6693735253,1332.6522836283025,595.9802193126428,87130.25136100386,229.23052362756502,102.5150066698214,0.0441949999728,0.8851846378503117,0.037112,0.0005139260647213731,0.0002298347232251893,25,5,0.004056112400000001,0.00022837650889441342,0.00010213307967039874,0.02918,0.000911262859991562,0.0004075291400624012,0.029472000000000005,0.001526931563626871,0.0006828645546519457,151405.3668113864,971.6797046094123,434.5483743727123,31593.020457352635,1495.407793792385,668.7666962005521,0.07594499994739999,0.8851846378503117,0.019167999999999998,0.0004215684997719807,0.00018853116453255067,25,5,0.007288819799999999,0.0002131548220348299,9.532573436034993e-05,2.4000000000000004e-05,2.60768096208106e-05,1.1661903789690601e-05,1.6000000000000003e-05,3.5777087639996646e-05,1.6000000000000003e-05,76383.12769789147,389.3715621188949,174.1322562806262,28834.27297253548,498.0333043523622,222.72726471814474,0.1421949999736,0.8851846378503117,0.019178,0.00039258120179142567,0.000175567650778838,0.9836342548992842,0.006328532053801094,0.0028302055740171204,25,5,0.0,0.0,0.0,0.24331199999999997,0.002365020084481318,0.0010576691354105044,0.244592,0.0028111776891544867,0.001257196881956041,289446.1480049099,1122.5882769420282,502.0367395973469,0.0,0.0,0.0,0.0441949999728,0.8851846378503117,0.037732,0.0007718289966048165,0.0003451724206827648,25,5,0.0,0.0,0.0,0.325272,0.0021998454491168207,0.000983800792843753,0.326704,0.0032066930005848573,0.0014340767064561027,217081.00183092026,1350.0581271467274,603.7643491752273,0.0,0.0,0.0,0.0559449999634,0.8851846378503117,0.027856,0.0010847488188516284,0.00048511441949296926,25,5,0.0,0.0,0.0,2.8000000000000003e-05,2.2803508501982765e-05,1.0198039027185571e-05,3.2000000000000005e-05,4.381780460041329e-05,1.9595917942265424e-05,76172.14801142368,317.72447208404446,142.09070353903152,0.0,0.0,0.0,0.1441949999732,0.8851846378503117,0.019004,0.00016379865689315084,7.325298628724996e-05,0.026564422940941728,0.02893341145420155,0.012939414966513142,25,5,0.0049316948,0.00020831818718777343,9.316272550027742e-05,0.030128,0.0008225083586201437,0.0003678369203872833,0.030735999999999996,0.0008321538319325337,0.0003721505071876161,61382.06415785141,136.52871494678092,61.05749750033874,12423.78985187475,319.4233413985767,142.85046099346806,0.1701474751662,0.8851846378503117,0.024208,0.001040249969959145,0.0004652139292841524,25,5,0.0037369280000000005,0.00012912128332501972,5.774479337135083e-05,0.029000000000000005,0.0009374166629626335,0.0004192254763250916,0.029920000000000002,0.0014394443372357263,0.0006437390775772431,27214.41064152486,103.47280534042818,46.274445312760136,9061.475596059388,533.6940648518816,238.6752416393977,0.37324815037180004,0.8851846378503117,0.01117,0.0007049822692805832,0.00031527765540868916,-2.658922710653788,0.004931209750983027,0.0022053040429015716,10,5,0.0,0.0,0.0,0.241836,0.0020666107519317673,0.0009242164248702773,0.243024,0.006396098810994077,0.002860422346437667,61558.424060618345,270.31466254444126,120.88839215285738,0.0,0.0,0.0,0.16935720016539998,0.8851846378503117,0.02394,0.00047916594202843875,0.00021428952377566248,25,5,0.0,0.0,0.0,0.24076999999999998,0.0024035390573069605,0.0010748953437428252,0.2404,0.007559100475585703,0.003380532502432124,27155.882320416895,197.01357682642947,88.10715005485471,0.0,0.0,0.0,0.3748287003734,0.8851846378503117,0.01094,0.000953546013572497,0.00042643874120440803,-1.4724138243260154,0.013900039405935918,0.006216286600319701,10,5
48000,20260805,0.0108365896,0.0005815004160091386,0.00026005489182816813,0.015392,0.0005228001530221657,0.00023380333616097092,0.014912,0.002077382969026173,0.0009290339068085726,277009.87953669584,2460.7034201229253,1100.460023972217,83031.49941078038,3296.2360920407277,1474.121594338264,0.0459899999714,0.8903521803856815,0.035436,0.0008923452246748488,0.0003990689163540569,25,5,0.0038310648,0.00018785929877756916,8.401323245441755e-05,0.030056,0.0008979309550293948,0.00040156693090940665,0.0304,0.0013867948658687784,0.0006201935181860583,144274.19841030412,313.57948035954735,140.2370068866016,29353.855735462235,1074.518278926552,480.53918294917,0.0792399999448,0.8903521803856815,0.018616,0.0007455736046829973,0.0003334306524601475,25,5,0.006897677199999999,0.00030011064930738447,0.00013421356252458236,3.6e-05,1.6733200530681514e-05,7.483314773547884e-06,3.2000000000000005e-05,4.381780460041329e-05,1.9595917942265424e-05,72916.1213094194,232.94251549007413,104.17505989712069,27003.04084760971,925.9663887434317,414.10475802206184,0.1492399999722,0.8903521803856815,0.01851,0.00036462309307009136,0.00016306440445419134,0.9766807269065103,0.018009830564147945,0.008054241080937637,25,5,0.0,0.0,0.0,0.24206399999999997,0.0020599708735805195,0.0009212469809991334,0.24337599999999998,0.005500079999418212,0.002459710552077225,276550.3744827416,1247.2768108181601,557.7991471497102,0.0,0.0,0.0,0.0457399999716,0.8903521803856815,0.03594000000000001,0.0010056838469419713,0.0004497554891271483,25,5,0.0,0.0,0.0,0.32464,0.0015618578680533018,0.000698484072832016,0.32438400000000006,0.0024274430992301363,0.0010855855562782704,206634.20056248648,857.3326186329259,383.410802918225,0.0,0.0,0.0,0.0579899999618,0.8903521803856815,0.026472000000000002,0.0011900084033316723,0.0005321879367291213,25,5,0.0,0.0,0.0,2.4e-05,3.286335345030997e-05,1.4696938456699068e-05,4.800000000000001e-05,0.00010733126291998992,4.8e-05,72818.44121171976,291.6026639888843,130.40867581983503,0.0,0.0,0.0,0.1492399999722,0.8903521803856815,0.018188,0.0005241373865695906,0.00023440136518373798,0.01663465457387237,0.028110281937784202,0.012571300255913997,25,5,0.0045802863999999995,0.00038720363450360306,0.0001731627295770079,0.030196,0.0010205292744453725,0.00045639456613767834,0.031087999999999998,0.0027635339693949847,0.0012358899627394019,58545.88043739026,312.27404134185866,139.6531968097951,11751.315621526126,998.5254428010192,446.55415347323134,0.1771189751726,0.8903521803856815,0.022723999999999998,0.00025314027731674797,0.0001132077735846793,25,5,0.003261898,0.00040499776254937546,0.0001811205055591444,0.030170000000000002,0.0009100824138505269,0.00040700122849937485,0.029920000000000002,0.0014737706741552458,0.0006590902821313644,25916.477456435754,151.3726138021432,67.69589087868302,8313.609056474332,662.0220502293564,296.06526138332424,0.39206940038939997,0.8903521803856815,0.01009,0.0006117597567673117,0.0002735872804060892,-2.6559896956104843,0.017655402167102062,0.007895735883147462,10,5,0.0,0.0,0.0,0.242284,0.0007971699944177597,0.0003565052594282477,0.24296,0.0009138927727036664,0.00040870527278223244,58322.490701515286,220.02538267134756,98.39834248570747,0.0,0.0,0.0,0.1771189751726,0.8903521803856815,0.023152,0.0007387286375929911,0.00033036949011674695,25,5,0.0,0.0,0.0,0.24196,0.003306697748509819,0.0014788001893426919,0.24115999999999999,0.007056061224224171,0.003155566510153126,25759.468749608914,60.72577071450768,27.15739026074103,0.0,0.0,0.0,0.393655750391,0.8903521803856815,0.010350000000000002,0.0010422331792837916,0.0004661008474568567,-1.4608749164872905,0.013112937468464906,0.005864283912838306,10,5
49000,20260805,0.010459152800000001,0.00026939780617740776,0.0001204783615203993,0.014776000000000001,0.00040826462006889616,0.00018258148865643532,0.014767999999999998,0.00101129619795587,0.00045226540880328184,264428.1551577185,1100.1421309942598,491.9985179629286,79532.82181719092,1865.6761938252503,834.3557586792666,0.0475349999702,0.89528714519491,0.034128,0.0007327482514479321,0.000327694980126337,25,5,0.003743988,0.00013453885749477716,6.0167606194695754e-05,0.029712,0.0010454281419590744,0.0004675296782023581,0.030080000000000003,0.0006811754546370566,0.0003046309242345566,138351.95538216137,594.2079427533873,265.7378705533755,28332.66690165269,572.8046216339787,256.1660143599246,0.0817849999428,0.89528714519491,0.018052,0.00047949973931171296,0.00021443880245888367,25,5,0.006597513399999999,0.00013920940064449656,6.225633658961947e-05,3.2000000000000005e-05,2.280350850198276e-05,1.019803902718557e-05,6.400000000000001e-05,8.76356092008266e-05,3.9191835884530854e-05,69664.49913599805,561.6627710971288,251.18322732081683,26049.502462014312,545.988701492238,244.17357029669697,0.155284999971,0.89528714519491,0.01754,0.0004096950085124291,0.0001832211778152293,0.9840708209691064,0.008684345495646992,0.003883757373672155,25,5,0.0,0.0,0.0,0.24087999999999998,0.0015975606404765863,0.0007144508380567498,0.24144000000000002,0.0036088779419647826,0.001613939280146559,264514.3428252437,1007.3058536888999,450.4808725963675,0.0,0.0,0.0,0.04778499997,0.89528714519491,0.034436,0.0011355527288505788,0.0005078346187490561,25,5,0.0,0.0,0.0,0.32578,0.003465948643589526,0.001550019354717874,0.32280000000000003,0.005722377128431844,0.0025591248504127292,197670.20866613463,628.5058025511273,281.07633975147627,0.0,0.0,0.0,0.06053499995980001,0.89528714519491,0.025368,0.0004036334971233198,0.00018051038751274178,25,5,0.0,0.0,0.0,3.6e-05,3.286335345030997e-05,1.4696938456699068e-05,3.2000000000000005e-05,7.155417527999328e-05,3.2000000000000005e-05,69960.46581523714,323.23423893126676,144.55474618114428,0.0,0.0,0.0,0.1542849999712,0.89528714519491,0.017638,0.0001229634091915143,5.499090833946968e-05,0.025952386522112632,0.025540374151584996,0.011422002554744513,25,5,0.0046699724,0.0001920245289664839,8.587598002328708e-05,0.030012,0.0006123071124852291,0.0002738320653247165,0.029504000000000002,0.0012164209797598873,0.0005440000000000008,55491.84398020538,135.04200760465991,60.39262176441262,11648.70240829133,431.0858226183398,192.78744070220483,0.18652510018139998,0.89528714519491,0.02214,0.0006955573304911691,0.00031106269464530826,25,5,0.0034733840000000004,0.00022978360296700917,0.00010276235126981097,0.029359999999999997,0.0010132867313845573,0.0004531556024148879,0.02864,0.001740114938732497,0.000778203058333749,24560.315191916678,181.28470598553278,81.07298517294285,8308.583822080069,323.2954538070551,144.58212230584365,0.4134064754094,0.89528714519491,0.01021,0.00041743262929483626,0.0001866815470259448,-2.667025808066354,0.008437454909590891,0.0037733445469869146,10,5,0.0,0.0,0.0,0.242436,0.0033600119047408105,0.0015026430048418,0.24220800000000003,0.005307383536169204,0.002373534073907511,55441.089917632125,132.95243240257622,59.45813532522122,0.0,0.0,0.0,0.1857290251806,0.89528714519491,0.021924,0.0005598928468912599,0.0002503916931529478,25,5,0.0,0.0,0.0,0.23966000000000004,0.0046979250739023004,0.002100975963689253,0.23847999999999997,0.0095630539055262,0.0042767277210502865,24754.016709873937,149.37266018723435,66.8014844317265,0.0,0.0,0.0,0.411018250407,0.89528714519491,0.00979,0.0007360366838684064,0.0003291656118126559,-1.463542109724737,0.025627212717084628,0.011460837941849662,10,5
50000,20260805,0.0098526672,0.00035028574931504153,0.00015665254940357663,0.015524,0.0003491131621695171,0.00015612815249018962,0.015456000000000003,0.000711955054761185,0.000318395979874119,252948.17369197178,1030.8348790990462,461.0033726486489,74966.45917710154,1536.2915630330408,687.0504736402564,0.050079999968200006,0.9,0.032656,0.0006461269225160019,0.0002889567441677039,25,5,0.0036426175999999997,0.00015804697807550756,7.068075732305075e-05,0.028684000000000005,0.0009721522514503586,0.00043475970374449405,0.029136000000000002,0.0012539856458508604,0.0005607994293863001,132670.31282054595,518.3622812418587,231.81865956573202,28001.715742557026,981.4747485769489,438.9288512035145,0.08532999994,0.9,0.017048,0.0002748090245970826,0.0001228983319658977,25,5,0.006177198199999999,0.00026845365244619054,0.00012005612313555694,4.000000000000001e-05,2e-05,8.94427190999916e-06,6.400000000000001e-05,6.693280212272606e-05,2.9933259094191536e-05,66425.51347467513,403.8241311476057,180.59564164016732,24367.5882106851,901.0171658939496,402.94712636661524,0.1623299999696,0.9,0.016736,0.0005693680707591532,0.00025462914208707537,0.9771294955563328,0.017314511816960896,0.007743285083989591,25,5,0.0,0.0,0.0,0.242184,0.0016331197139217764,0.0007303533391448203,0.24255999999999997,0.0018356470248934136,0.0008209263060713843,253428.02910938216,1515.9314832337905,677.9451691485676,0.0,0.0,0.0,0.049579999968600005,0.9,0.032892,0.0006328664946100377,0.00028302650052600966,25,5,0.0,0.0,0.0,0.32538,0.0013038404810405396,0.0005830951894845345,0.326368,0.006218835903929302,0.002781147964420454,187935.45490787094,929.4536101248563,415.66429083435304,0.0,0.0,0.0,0.062829999958,0.9,0.024380000000000002,0.0004884669896727925,0.00021844907873461034,25,5,0.0,0.0,0.0,3.600000000000001e-05,2.60768096208106e-05,1.1661903789690601e-05,4.800000000000001e-05,4.381780460041329e-05,1.9595917942265424e-05,66505.86240082934,397.10601481165304,177.5912086785789,0.0,0.0,0.0,0.16132999996979996,0.9,0.017004,0.00044320424185695823,0.00019820696254168325,0.04476532882743972,0.05442248753979268,0.024338476328722346,25,5,0.004562246000000001,0.0002981736955802774,0.00013334733048396576,0.029475999999999995,0.0009367390244886785,0.000418922427186705,0.028815999999999998,0.002209361898829614,0.000988056678536206,53093.77410945395,188.00966159597004,84.08047675106413,11377.286081136448,723.519238336516,323.5676399898643,0.196794000191,0.9,0.021176,0.0005541479946729041,0.00024782251713676096,25,5,0.003000742,0.00021097848446583367,9.435244661109749e-05,0.030029999999999994,0.0009569482744641957,0.0004279602785306135,0.03116,0.0021651789764358977,0.0009682974749528165,23483.990571004695,93.34099060921004,41.74336001787263,7418.800452367948,432.9883541648555,193.6382786756742,0.4332906004278,0.9,0.009479999999999999,0.0009576011695899285,0.00042825226210727686,-2.6546814739088913,0.017404051224927632,0.007783328324565333,10,5,0.0,0.0,0.0,0.240744,0.001959357037397749,0.0008762511055627929,0.24188799999999996,0.001469258316294309,0.0006570722943481924,52869.81072950481,291.47658924145367,130.35229347873485,0.0,0.0,0.0,0.196794000191,0.9,0.02142,0.0009016651263079881,0.00040323690307311907,25,5,0.0,0.0,0.0,0.24157,0.0027144520625717507,0.0012139398667149893,0.23915999999999998,0.003368679266418827,0.0015065191668213243,23484.79673864965,142.7682624595046,63.847907977796716,0.0,0.0,0.0,0.4332906004278,0.9,0.00918,0.0007734662242140897,0.00034590461112855966,-1.4622269917994521,0.024970133771622403,0.01116698330412218,10,5
51000,20260805,0.0095646148,0.00036540914822319416,0.00016341593900547172,0.014668,0.000877678756721387,0.00039250987248730433,0.013999999999999999,0.0016492422502470642,0.0007375635565834309,241909.47549679346,648.9317820722131,290.21111549470953,74142.6079211244,2872.9669285590926,1284.8298698733824,0.0511249999674,0.9045007413978563,0.030660000000000003,0.0007914543574963745,0.0003539491488900627,25,5,0.0033709212000000003,0.00012662479659687517,5.662833056553938e-05,0.029688000000000003,0.0008711601460122021,0.0003895946611543852,0.030095999999999994,0.001909471130967945,0.0008539414499835457,126525.42670707338,634.0453202274109,283.55368736882264,25913.021080331702,1403.124620830401,627.4964066160787,0.08887499993719998,0.9045007413978563,0.016276000000000002,0.0003581619745310769,0.00016017490440140724,25,5,0.0059973332,0.0001821498252310445,8.145987826126435e-05,8.400000000000001e-05,2.60768096208106e-05,1.1661903789690601e-05,6.400000000000001e-05,3.577708763999664e-05,1.6000000000000003e-05,63635.94597472955,323.7057418245715,144.76560868534773,23778.451181133994,294.05233577356665,131.50420234645765,0.1693749999682,0.9045007413978563,0.015954,0.0004968702043793722,0.00022220711059729798,0.9882107896093448,0.004267473380615897,0.0019084721142455959,25,5,0.0,0.0,0.0,0.24187599999999998,0.0018073959167819377,0.0008082920264359931,0.242096,0.0047164054109035255,0.002109240621645622,242554.63678763216,1222.6261521990916,546.7750374772345,0.0,0.0,0.0,0.0511249999674,0.9045007413978563,0.031196,0.0008206582723643261,0.00036700953666083405,25,5,0.0,0.0,0.0,0.326028,0.0017772788188688978,0.0007948232507922783,0.32595199999999996,0.004046371213816158,0.001809592219258253,180416.69293608126,875.8040495081184,391.6714779339488,0.0,0.0,0.0,0.06487499995639999,0.9045007413978563,0.022728,0.0006646201922903032,0.0002972271858360199,25,5,0.0,0.0,0.0,4e-05,2.0000000000000005e-05,8.94427190999916e-06,4.800000000000001e-05,4.381780460041329e-05,1.9595917942265424e-05,63539.36761616302,449.63266299585945,201.08183987259918,0.0,0.0,0.0,0.16837499996839997,0.9045007413978563,0.016054000000000002,0.0004033980664306671,0.0001804050997061895,0.02522796991247201,0.023445072805716588,0.010484955306202802,25,5,0.0042435184,7.62275334560946e-05,3.40899893129934e-05,0.029843,0.0006558544045746727,0.0002933070063943234,0.029964,0.000560785163855109,0.00025079074943067635,50251.171345990275,264.26422645003345,118.18255487273454,10398.700631715654,141.5936433095481,63.322602324401565,0.2063306251998,0.9045007413978563,0.020367,0.0003872273234161046,0.00017317332358074118,24,5,0.0030245890000000003,0.00010194004257405446,4.558897296496168e-05,0.029100000000000004,0.0014409198450989558,0.0006443989447539464,0.02908,0.0017469974241537966,0.0007812809993849845,22290.007576011565,44.47269401080819,19.888793390142975,7470.8092274886585,38.412949522745365,17.17879326982535,0.45411000044699995,0.9045007413978563,0.008969999999999999,0.00029706901555025906,0.00013285330255586426,-2.6658157797802966,0.011508008908597359,0.005146538041059371,10,5,0.0,0.0,0.0,0.24093500000000004,0.0012524675644502783,0.0005601205227448843,0.23994,0.0014748559251669335,0.0006595756211383211,50374.93090424731,269.0014053430705,120.30108567801614,0.0,0.0,0.0,0.2063306251998,0.9045007413978563,0.020141,0.00028333725487482165,0.00012671227249165697,25,5,0.0,0.0,0.0,0.24001,0.0031215781265251106,0.0013960121775973174,0.2406,0.005379591062525098,0.002405826261391288,22330.132323812482,89.1294815231893,39.85991589703255,0.0,0.0,0.0,0.4549118754478,0.9045007413978563,0.00912,0.001152497288500064,0.000515412456194066,-1.4659607230018348,0.013674901087665331,0.006115601683521098,10,5
52000,20260805,0.008907367999999999,0.0005401913283883777,0.00024158090622646486,0.015144,0.0004295113502574751,0.00019208331525668722,0.015504,0.0018807658014755575,0.0008411040363712442,231824.84433310927,799.405508447256,357.50501169516934,68659.86472893672,3185.1748342248266,1424.453489909667,0.0531699999658,0.908798916064409,0.029507999999999996,0.0007780231359027831,0.00034794252398923607,25,5,0.0030236720000000003,0.00024319529194044857,0.00010876024091734995,0.029556,0.0010320271314263022,0.00046153656409866423,0.031152000000000003,0.0020719845559269983,0.0009266196630764965,120193.76154907844,679.720049660189,303.9800473419431,23863.027908045082,1399.4388593454833,625.8480839702535,0.09291999993399999,0.908798916064409,0.015052,0.0006040860865803815,0.0002701555107711113,25,5,0.005662118999999999,0.00015646607430686065,6.997375566453473e-05,6.000000000000001e-05,5.830951894845301e-05,2.6076809620810595e-05,8.000000000000002e-05,8e-05,3.577708763999664e-05,60765.16993190418,200.2483628957761,89.5537903636004,22207.671697266986,419.8574559220867,187.76596246038147,0.1764199999668,0.908798916064409,0.015401999999999999,0.0003164174457895766,0.00014150618361046956,0.9794830881344472,0.01024417978901514,0.004581336476393461,25,5,0.0,0.0,0.0,0.23996399999999998,0.0024060091437897602,0.0010759999999999938,0.23803199999999997,0.003691547101148792,0.001650910052062198,232054.04673212027,766.9104541474845,342.97278162580216,0.0,0.0,0.0,0.052919999966,0.908798916064409,0.029736000000000002,0.0006895505782754437,0.00030837639338963637,25,5,0.0,0.0,0.0,0.324776,0.0018245766632290373,0.0008159754898279736,0.32608,0.0033604761567373248,0.0015028506246463791,172678.41173221378,334.4716336872401,149.5802618940155,0.0,0.0,0.0,0.067919999954,0.908798916064409,0.022424,0.00047673892226249087,0.00021320412753978346,25,5,0.0,0.0,0.0,5.6000000000000006e-05,2.9664793948382654e-05,1.32664991614216e-05,4.800000000000001e-05,7.155417527999328e-05,3.2000000000000005e-05,60983.64769002933,267.8434777757438,119.78324472730345,0.0,0.0,0.0,0.175419999967,0.908798916064409,0.015501999999999998,0.00022753021777337562,0.00010175460677531974,0.03480036164872263,0.03680894907647295,0.016461462463064323,25,5,0.003992445000000001,0.00020898892885599238,9.346269029337326e-05,0.030215000000000002,0.0010486002574861394,0.00046894829139255804,0.030559999999999997,0.0019424211695716254,0.00086867715521936,47803.94497222074,230.06373510748665,102.887630171569,9729.314889987,578.8600435908777,258.8740813855388,0.218345375211,0.908798916064409,0.019455,0.0010935035436613802,0.0004890296514527511,20,5,0.002801945,8.396192410849093e-05,3.754891396565283e-05,0.02966,0.0014046351839534703,0.0006281719509815762,0.029200000000000004,0.002576819745345025,0.0011523888232710345,21242.603081438217,111.53343807993063,49.8792698621977,6901.689533346015,304.16177393185416,136.02528053370986,0.4782877004694,0.908798916064409,0.008610000000000001,0.0004292435206266947,0.00019196353820452448,-2.658999470162543,0.016969119696905715,0.007588821032122361,10,5,0.0,0.0,0.0,0.24239499999999997,0.0018112840749037584,0.0008100308636095248,0.2434,0.005058161721416193,0.0022620786900547922,47847.36158052073,193.44813279069228,86.5126350080788,0.0,0.0,0.0,0.21593105020859998,0.908798916064409,0.019229999999999997,0.0006101741554671099,0.00027287817794759654,20,5,0.0,0.0,0.0,0.24175999999999997,0.002593356897922074,0.001159784462734348,0.24244,0.003173011188130287,0.001419013742005339,21371.78419389734,124.76125032787508,55.794927338199315,0.0,0.0,0.0,0.4766781504678,0.908798916064409,0.00884,0.0005079370039680112,0.00022715633383201068,-1.466322215087092,0.02291812130009064,0.010249295428717706,10,5
53000,20260805,0.0085814516,0.0005913405538307006,0.000264455535243564,0.01494,0.0006873136110975836,0.0003073759912550101,0.014928,0.0015047657625025896,0.0006729517070340189,221768.45372721198,771.052811038405,344.82529994483474,66603.28647131282,2416.551554166418,1080.714709249775,0.0552149999642,0.912903641004392,0.028064,0.0011867097370460882,0.0005307127283191907,25,5,0.0031100176000000003,0.00026786606128959304,0.000119793344381731,0.029444000000000005,0.0016308525377850705,0.0007293394271530924,0.02904,0.0026180909075125716,0.001170845848094445,115470.65263861515,551.5206341394587,246.64752578592416,24481.93505346949,1768.4972882822783,790.8960309246432,0.09646499993119999,0.912903641004392,0.014552,0.0003843435962781217,0.00017188368159892306,25,5,0.0053067750000000006,0.0002336422872758694,0.00010448800735347562,5.2000000000000004e-05,3.0331501776206206e-05,1.3564659966250538e-05,6.400000000000001e-05,0.00010430723848324238,4.66476151587624e-05,57866.55622664979,157.2621113895831,70.32975427045035,20764.290257141103,658.0578438941335,294.2924144148455,0.1824649999656,0.912903641004392,0.014714,0.00043592430535587245,0.00019495127596402129,0.9724828456951778,0.015536194322858276,0.006947997323511484,25,5,0.0,0.0,0.0,0.24118,0.002425242255940626,0.0010846013092376365,0.24169600000000005,0.0062929547908752775,0.0028142949383460187,222022.4219813834,1562.8327229155186,698.9200411800385,0.0,0.0,0.0,0.0552149999642,0.912903641004392,0.029136000000000002,0.0006876627080189844,0.00030753211214440776,25,5,0.0,0.0,0.0,0.32632399999999995,0.0021370259708295637,0.0009557070680914774,0.32732799999999995,0.0032992605232082003,0.0014754741610750117,164575.6889957648,547.4890345091285,244.84453961962788,0.0,0.0,0.0,0.07096499995160001,0.912903641004392,0.020908000000000003,0.00038068359565392315,0.00017024687956024312,25,5,0.0,0.0,0.0,5.6000000000000006e-05,3.847076812334269e-05,1.7204650534085252e-05,4.800000000000001e-05,7.155417527999329e-05,3.2000000000000005e-05,58088.450365534096,374.85094658243844,167.63843959769497,0.0,0.0,0.0,0.1844649999652,0.912903641004392,0.014888000000000002,0.00026061465806819086,0.00011655041827466775,0.008325309581842074,0.00914412915315519,0.004089378876298518,25,5,0.0040266105,0.00023410873827935187,0.00010469661058386758,0.029535,0.0006967783004657942,0.0003116087290176578,0.02914,0.0009528903399657267,0.00042614551505324984,45362.15020604003,232.16204124324443,103.82602120300086,9614.128137053773,247.11305662246602,110.51231854711772,0.22801830021980002,0.912903641004392,0.018904999999999998,0.000992062246030964,0.00044366372400727125,20,5,0.0028605329999999997,0.0002384788976670683,0.00010665100527655615,0.02965,0.0004257346591481603,0.00019039432764659782,0.030000000000000006,0.00150996688705415,0.0006752777206453653,20335.019302105815,193.23739302380736,86.41838931921538,6889.2774624926,396.91062936788785,177.5038296517643,0.497781750487,0.912903641004392,0.0084,0.0003061862178478973,0.00013693063937629153,-2.6706718793100213,0.013147511362504322,0.005879745828302109,10,5,0.0,0.0,0.0,0.24052500000000002,0.0024139568140296194,0.0010795543061838094,0.23967999999999998,0.0029844597501055337,0.0013346909754696017,45402.433238871665,96.01850435437194,42.94078056684704,0.0,0.0,0.0,0.2247876002166,0.912903641004392,0.018105000000000003,0.0006655354986775683,0.0002976365232964528,20,5,0.0,0.0,0.0,0.23889,0.0020449327617308023,0.0009145217329292909,0.24036,0.009841138145560204,0.004401090773887767,20231.337562792814,68.55526634802025,30.658847153955406,0.0,0.0,0.0,0.4993971004885999,0.912903641004392,0.008459999999999999,0.0007065762520775799,0.0003159905061864991,-1.4628045558312022,0.024896025077088744,0.011133840888381975,10,5
54000,20260805,0.008275526399999998,0.00021139268757173265,9.453768387135383e-05,0.015228,0.00046831613254296443,0.00020943734146517396,0.015392,0.0006755146186427055,0.00030209932141598726,211544.86145157545,1282.5879989217499,573.5907905428919,62918.57637398593,1176.933138831596,526.3405006799292,0.0570099999628,0.916823622889733,0.027376,0.0007422129074598471,0.00033192770297159574,25,5,0.0029771199999999998,0.00016600725958824787,7.424070343955519e-05,0.029783999999999998,0.0006139055301917369,0.0002745468994543546,0.029824,0.001037535541559904,0.00046400000000000065,109946.5521079812,547.9994168622775,245.07278954685938,22757.256873980816,624.7824058730532,279.4111861356022,0.10125999992740001,0.916823622889733,0.014228,0.0005218428882336142,0.00023337523433303726,25,5,0.0049025692,0.00028565779478547396,0.00012775004948860095,8.8e-05,4.147288270665544e-05,1.8547236990991407e-05,6.400000000000001e-05,6.693280212272606e-05,2.9933259094191536e-05,55560.23423714449,485.99554658507407,217.34381578527828,19659.89485419265,732.6401643431667,327.6466421035876,0.1915099999638,0.916823622889733,0.01378,0.0004004372610035183,0.0001790809872655385,0.967674223551167,0.019834956963264722,0.008870462420128544,25,5,0.0,0.0,0.0,0.242284,0.0013355448326432197,0.0005972738065577639,0.24311999999999995,0.004017561449436707,0.001796708100944612,211716.38099661836,493.5355529770516,220.7158091539272,0.0,0.0,0.0,0.05775999996219999,0.916823622889733,0.026619999999999998,0.000824014562978106,0.0003685105154537653,25,5,0.0,0.0,0.0,0.32628399999999996,0.0025698015487582012,0.0011492501903415157,0.323488,0.00164496808479678,0.0007356520916846477,157309.9268162925,827.7612825348048,370.18609937804655,0.0,0.0,0.0,0.0740099999492,0.916823622889733,0.020168,0.0009704225883603499,0.0004339861748950077,25,5,0.0,0.0,0.0,8e-05,4.690415759823429e-05,2.0976176963403028e-05,3.2000000000000005e-05,4.381780460041329e-05,1.9595917942265424e-05,55616.64131386373,254.18790019539037,113.67628477896498,0.0,0.0,0.0,0.1895099999642,0.916823622889733,0.014447999999999999,0.00022174309459372196,9.916652661054568e-05,0.004752017482523638,0.005339915646122595,0.0023880828757689666,25,5,0.0037286439999999997,0.00026483540466556765,0.00011843799353617484,0.029775000000000003,0.0007670967996283142,0.00034305611785828916,0.02902,0.0019253571097331522,0.00086104587566517,43254.124652962215,246.6021942807007,110.28385396245132,9201.04079024533,543.813628823798,243.20084822817026,0.23694445022780003,0.916823622889733,0.017455000000000002,0.0007071951640106141,0.0003162672920173692,20,5,0.002442756,9.129870606969188e-05,4.083002260592074e-05,0.029479999999999996,0.0018498648599289623,0.0008272847151978573,0.02864,0.0035168167424533235,0.0015727682601070004,19249.36694604753,268.74275721218413,120.18541471743312,6073.235441618953,593.4401604038693,265.39450784828614,0.5246985755118,0.916823622889733,0.00772,0.0007463243262818116,0.0003337663853655727,-2.6647756066707133,0.017266690374505355,0.007721898684767054,5,5,0.0,0.0,0.0,0.241785,0.0014750635579526847,0.0006596684773429807,0.2428,0.003685783498796432,0.001648332490731167,43102.192124524285,131.96832759878959,59.01803027757102,0.0,0.0,0.0,0.23856560022940002,0.916823622889733,0.01752,0.0006362487721009774,0.0002845391010037114,20,5,0.0,0.0,0.0,0.23817999999999998,0.002378444870077921,0.0010636728820459774,0.23816,0.008062753871972028,0.003605773148715818,19068.617227699182,132.4983573263208,59.25506677774211,0.0,0.0,0.0,0.5295620255166,0.916823622889733,0.00796,0.0014135062787267694,0.0006321392251711643,-1.4649104198027456,0.01819378855005004,0.008136509593233844,5,5
55000,20260805,0.0077327844000000005,0.00029372986648075136,0.00013135998969457938,0.0153,0.00047686476070265556,0.00021326040420106165,0.015760000000000003,0.0008178019320104333,0.000365732142421198,201784.91022233892,599.0838346065505,267.91843568029753,59485.483735091344,976.833474479172,436.8532103265469,0.0598049999606,0.9205671765275717,0.025816,0.0010552156177767657,0.0004719067704536567,25,5,0.0027386056,0.0002175163669538455,9.727627654551748e-05,0.02942,0.0008435638683585273,0.0003772532306024702,0.029872,0.0014012565789319243,0.0006266609928821165,105155.8376981885,351.270779524379,157.09306830517053,21766.271572447207,841.8418732941077,376.4831309982779,0.10580499992379999,0.9205671765275717,0.013096,0.0006750407395113275,0.0003018873962258113,25,5,0.0047293556,0.00013701852616270567,6.127654773532865e-05,5.2000000000000004e-05,3.633180424916991e-05,1.6248076809271923e-05,1.6000000000000003e-05,3.577708763999664e-05,1.6000000000000003e-05,53022.21203909628,324.5846925098344,145.1586873815713,18967.035888254053,680.2660988423024,304.2242479599958,0.1995549999622,0.9205671765275717,0.01316,0.00046808118953873884,0.00020933227175951667,0.9740524690323697,0.01852742391289469,0.008285715863437534,25,5,0.0,0.0,0.0,0.24223999999999996,0.00314219668385035,0.0014052330767527596,0.24091200000000002,0.003188278532374473,0.001425841505918517,201147.05779450253,1061.9661035038027,474.9256794470161,0.0,0.0,0.0,0.0598049999606,0.9205671765275717,0.025996000000000002,0.0003350820794969484,0.00014985326155943302,25,5,0.0,0.0,0.0,0.323708,0.0021692210583525062,0.0009701051489400483,0.32696000000000003,0.0014444376068214104,0.0006459721356219575,150632.85044445784,869.1215063080336,388.68295376235506,0.0,0.0,0.0,0.07655499994720001,0.9205671765275717,0.019412,0.0006189668811818622,0.00027681040442873584,25,5,0.0,0.0,0.0,7.999999999999999e-05,1.414213562373095e-05,6.3245553203367575e-06,9.600000000000002e-05,8.76356092008266e-05,3.9191835884530854e-05,53019.5301505925,256.3116955941759,114.62607495536213,0.0,0.0,0.0,0.1995549999622,0.9205671765275717,0.013295999999999999,0.0002826305008310321,0.00012639620247459972,0.022572117456031892,0.03682851334567807,0.016470211870238873,25,5,0.0035982905000000003,0.0002811966645505867,0.00012575497139626342,0.029619999999999997,0.0008657366805212777,0.000387169213652119,0.028739999999999998,0.001080740486888504,0.00048332183894378303,41125.568179643575,273.98009360997025,122.52762275872985,8828.41053423425,251.57327369113636,112.50698825910807,0.2516229252414,0.9205671765275717,0.01663,0.0007973393255070267,0.0003565809865935087,20,5,0.002787736,0.00018706771936921672,8.365922738108454e-05,0.03076,0.0007956129712366442,0.00035580893749314425,0.03,0.0014142135623730952,0.0006324555320336759,18404.507328069838,209.37645746359362,93.6359983553377,6170.0842934721095,716.9001923621805,320.6075126409022,0.5485413005333999,0.9205671765275717,0.0083,0.0007968688725254611,0.0003563705936241091,-2.6652629082657584,0.02071456498378178,0.009263835085614578,5,5,0.0,0.0,0.0,0.24311,0.0013592966931468703,0.0006078959614934148,0.24388,0.0016843396332094163,0.0007532595834106634,41154.71142582139,124.9680708114501,55.88742027028194,0.0,0.0,0.0,0.25080945024060003,0.9205671765275717,0.0167,0.00027500000000000067,0.00012298373876248872,20,5,0.0,0.0,0.0,0.2413,0.004054010360124895,0.0018130085493455333,0.24567999999999998,0.010489613910912082,0.004691097952505367,18377.679956350643,241.3729318720093,107.94525671884767,0.0,0.0,0.0,0.5493547755342,0.9205671765275717,0.0072,0.0012449899597988734,0.0005567764362830022,-1.4653016849920137,0.02164743741594374,0.009681028320144518,5,5
56000,20260805,0.0074711328,0.00019673046086765583,8.798053674898813e-05,0.015612000000000001,0.0004428543778715537,0.00019805049861083455,0.015904,0.001282996492590684,0.0005737734744653149,193347.6691719172,691.2085210244818,309.11784792756674,56896.54620492076,1730.3210864593138,773.8231144448633,0.061849999959,0.9241422424970815,0.025035999999999996,0.00047715825467029206,0.0002133916586935859,25,5,0.0026233612,0.00011893684549036919,5.319017430917096e-05,0.029764000000000002,0.0010613576211626291,0.0004746535578714216,0.030080000000000003,0.0014477568856683086,0.0006474565622495458,100300.2178968233,453.62959011064464,202.86932001855354,20624.726936404528,842.3816204952019,376.7245132847403,0.1103499999202,0.9241422424970815,0.012652,0.00024843510218968697,0.00011110355529864939,25,5,0.004642031400000001,0.0002601473116684082,0.00011634141461087699,4e-05,2.4494897427831785e-05,1.0954451150103323e-05,6.400000000000001e-05,6.693280212272606e-05,2.9933259094191536e-05,50709.547641017605,107.27924049800912,47.976734865619356,17941.810231259948,935.4266830580357,418.3355302569837,0.2095999999602,0.9241422424970815,0.013066,0.00025851498989420306,0.00011561141812122184,0.9707461740205773,0.024748653217392034,0.011067934189131493,25,5,0.0,0.0,0.0,0.241676,0.0017523926500644812,0.0007836938177630362,0.240976,0.004572054242897813,0.002044684816787169,193771.51882911153,798.9021953246926,357.27992322396545,0.0,0.0,0.0,0.0620999999588,0.9241422424970815,0.024968,0.0008855055053470857,0.00039601010088127737,25,5,0.0,0.0,0.0,0.32631999999999994,0.001883932058222894,0.0008425200294354965,0.325232,0.0017768286355189272,0.0007946219226777037,143879.62587240254,836.6707576392456,374.1705377735209,0.0,0.0,0.0,0.079349999945,0.9241422424970815,0.018435999999999998,0.0004852628153897641,0.00021701612843288872,25,5,0.0,0.0,0.0,6.7e-05,1.7175564037317666e-05,7.681145747868608e-06,6.400000000000001e-05,6.693280212272606e-05,2.9933259094191536e-05,50709.53380537404,384.930886764942,172.14632588913688,0.0,0.0,0.0,0.20859999996039996,0.9241422424970815,0.012689500000000001,0.0003031315720937038,0.00013556456026558,0.038495564051890786,0.038649459022354456,0.017284563533515426,25,5,0.0034093979999999997,0.00028158015807226185,0.0001259264749129427,0.02945333333333334,0.0008234750215465638,0.0003682692251902441,0.02965333333333333,0.0014192329696784164,0.0006347002792219674,38976.68006941948,309.6584538705989,138.4834705324284,8137.969314204619,360.2769021302084,161.12072877723693,0.2639508752526,0.9241422424970815,0.016220000000000002,0.0007869067430275464,0.00035191539387251046,15,5,0.0024140660000000003,0.0003408867186911222,0.00015244917512403946,0.02978,0.0015401298646542765,0.0006887670143089025,0.02808,0.0024232209969377535,0.0010836973747315253,17425.895908036524,186.63405671493373,83.46528754622858,5963.3258312224425,503.9225097810932,225.3609974525654,0.5790716255614,0.9241422424970815,0.007000000000000001,0.0008774964387392126,0.00039242833740697183,-2.655825411146761,0.01362490644410714,0.006093243399219701,5,5,0.0,0.0,0.0,0.24239333333333332,0.002522718991705413,0.001128194230716606,0.24056000000000002,0.0041423557441522514,0.0018525178061822322,39096.95426705311,254.73416150440286,113.92058026305098,0.0,0.0,0.0,0.262318125251,0.9241422424970815,0.015760000000000003,0.0006317524128257137,0.00028252826800556115,15,5,0.0,0.0,0.0,0.24084000000000003,0.005150533952902359,0.002303388807822075,0.24264000000000002,0.010421516204468517,0.0046606437323614405,17424.84691298521,110.32052236876224,49.3368374659677,0.0,0.0,0.0,0.5790716255614,0.9241422424970815,0.0066,0.00023452078799117155,0.00010488088481701519,-1.4548277316105982,0.020545716378813132,0.009188323693891396,5,5
57000,20260805,0.006981902000000001,0.00020983725644889653,9.384207392635775e-05,0.015348,0.000327902424510708,0.00014664242223858724,0.015488000000000002,0.0010160314955748163,0.0004543830982772132,185093.0554747681,970.4940118597433,434.0181164549746,55064.79882754644,1297.6674253097997,580.3345150359686,0.064394999957,0.927556403992501,0.023156,0.0008675713227164672,0.0003879896905846856,25,5,0.0025545512,8.705755679549002e-05,3.8933322989952887e-05,0.029924,0.0003444996371551086,0.000154064921380567,0.029712,0.0010801481379884906,0.00048305693246241755,96088.74899722652,400.9164356448897,179.2952806797786,19961.119718805166,593.4126408249751,265.38220071846223,0.114394999917,0.927556403992501,0.012188,0.0003248384213728427,0.00014527215837867937,25,5,0.00445913425,6.525014748307096e-05,2.9180753062806695e-05,9.5e-05,4.808846015417837e-05,2.150581316760657e-05,6.000000000000001e-05,8.944271909999158e-05,3.9999999999999996e-05,48481.28606034625,466.0643075760736,208.43029472529415,17539.49398460994,480.8895145013663,215.0603288183852,0.2166449999588,0.927556403992501,0.012254999999999999,0.0003942556277340881,0.00017631647682505447,0.9836706586428235,0.013034925934978993,0.005829396094457606,20,5,0.0,0.0,0.0,0.24169999999999997,0.001565886330485084,0.0007002856560004698,0.242736,0.002109331647702651,0.0009433217902709531,184747.32444243034,497.3170705547568,222.40695522629903,0.0,0.0,0.0,0.064394999957,0.927556403992501,0.023684,0.0008343140895370302,0.0003731166037581291,25,5,0.0,0.0,0.0,0.326664,0.0021331385327727887,0.0009539685529408237,0.325184,0.004481928156496905,0.002004379205639479,136861.8729141952,398.75967070192615,178.33074607498762,0.0,0.0,0.0,0.0828949999422,0.927556403992501,0.017412,0.00045223887493226443,0.00020224737328331375,25,5,0.0,0.0,0.0,8.5e-05,2.8504385627478446e-05,1.274754878398196e-05,6.000000000000001e-05,8.944271909999158e-05,3.9999999999999996e-05,48185.19679871384,205.68007871488746,91.98292752479918,0.0,0.0,0.0,0.2186449999584,0.927556403992501,0.0124,0.0002768404323793764,0.0001238068051441439,0.0,0.0,0.0,20,5,0.003261282666666667,0.00022749786286419856,0.00010174013722005459,0.029920000000000002,0.0006902495522957216,0.0003086889840744059,0.02928,0.002331618417418349,0.0010427314557875816,37295.74141534579,219.7649262702747,98.28186284211272,7874.211905256141,561.6178594815702,251.16314223574315,0.27554075026300007,0.927556403992501,0.0153,0.0007516648189186445,0.0003361547262794318,15,5,0.00233917,0.00021100979479635513,9.436644901658628e-05,0.029359999999999997,0.0012660963628413112,0.0005662155066756821,0.02968,0.0030646370095004727,0.001370547335920945,16629.74168010056,94.61515059562988,42.31318168664163,5364.553952884486,429.84495167730796,192.23250634711457,0.6065278505862001,0.927556403992501,0.00722,0.0007758865896508328,0.00034698703145794935,-2.6718088761446337,0.008030269882665754,0.003591245867061977,5,5,0.0,0.0,0.0,0.24277333333333334,0.0033104548193731813,0.001480480402512044,0.24074666666666666,0.004859446699185228,0.0021732106304830283,37103.69032482238,285.62014379544473,127.73321145397584,0.0,0.0,0.0,0.2739022002614,0.927556403992501,0.015413333333333334,0.00040180149880810937,0.00017969109295924663,15,5,0.0,0.0,0.0,0.24364,0.005903642943132657,0.002640189387146309,0.2408,0.0030724582991474474,0.0013740451229854152,16473.844109804108,183.29825662983166,81.97347239630102,0.0,0.0,0.0,0.6122627755918,0.927556403992501,0.006480000000000001,0.0006058052492344385,0.0002709243436828814,-1.4630394224936567,0.010080137998781005,0.004507974757570604,5,5
58000,20260805,0.0069611876,0.0004286829760310062,0.00019171285504044854,0.014528,0.000617673052674309,0.00027623178672991265,0.01472,0.001279999999999999,0.0005724334022399457,176886.2755997563,678.5395554552953,303.4521142841057,53501.58962023652,1727.634894003386,772.621812658443,0.066939999955,0.9308169029081064,0.022643999999999997,0.0009384455231924765,0.0004196855966077466,25,5,0.0024939432000000003,0.0002628169641275084,0.00011753531948584649,0.029848000000000003,0.0007453321407265364,0.00033332266649599494,0.029199999999999997,0.002195996357009728,0.0009820794265231298,91506.7006764659,336.5588800604782,150.51370684928554,19314.68498411782,1158.8971631533836,518.2745671485261,0.119439999913,0.9308169029081064,0.011699999999999999,0.000591100668245266,0.0002643482551483932,25,5,0.00417479325,0.0001355837298054926,6.063488729760915e-05,5.5e-05,4.808846015417836e-05,2.1505813167606565e-05,6.000000000000001e-05,0.0001341640786499874,6.000000000000001e-05,46287.78018430117,298.8338197709684,133.64254699676118,16753.537809395635,381.0517191997857,170.4115094147765,0.22668999995680003,0.9308169029081064,0.0114675,0.00016071130949625272,7.187228255732571e-05,0.9853122184930105,0.013196902990798325,0.005901834435979067,20,5,0.0,0.0,0.0,0.23956399999999997,0.0020568616871340455,0.000919856510549326,0.23872,0.0033766255344648425,0.0015100728459249892,176764.73472005985,477.4131876628647,213.50566819380586,0.0,0.0,0.0,0.06718999995479999,0.9308169029081064,0.022784,0.0006956148359544964,0.0003110884118703237,25,5,0.0,0.0,0.0,0.325948,0.0030337963016656114,0.001356754952082353,0.3276,0.004821617985697342,0.002156293115510973,131119.83803960582,548.3575761733263,245.2329632601153,0.0,0.0,0.0,0.08643999993939999,0.9308169029081064,0.016276000000000002,0.0006057061994069412,0.00027088004725339264,25,5,0.0,0.0,0.0,9.5e-05,5.4198708471697e-05,2.4238399287081643e-05,0.0001,0.00012247448713915892,5.4772255750516614e-05,46290.16684011503,224.314222892638,100.31637014159561,0.0,0.0,0.0,0.2276899999566,0.9308169029081064,0.011425,0.00036550478793033627,0.00016345871038277532,0.07609336668758335,0.06726260822643991,0.03008075286765124,20,5,0.0030777613333333328,0.0002594972532245978,0.00011605069963693542,0.03084,0.0010226327677997523,0.0004573352769638008,0.030933333333333334,0.002101851036057926,0.0009399763590407767,35673.55645657201,200.8970730312014,89.8439023557012,7178.725050569529,478.33064736268994,213.91596864489102,0.28638385027260005,0.9308169029081064,0.015206666666666669,0.0011079009181530828,0.0004954683530649448,15,5,0.002220124,0.00010267353154537922,4.591699920508739e-05,0.02942,0.00201668044072431,0.0009018869108707586,0.02944,0.00356202189774291,0.0015929846201391902,15614.305605981659,131.03282182452742,58.59965937665226,4947.979286112823,275.9952715193331,123.42883771714807,0.6456743256222001,0.9308169029081064,0.006960000000000001,0.00036469165057620933,0.00016309506430300087,-2.652793821360445,0.015033096643701093,0.006723005201527916,5,5,0.0,0.0,0.0,0.23978666666666668,0.0022761566046493554,0.0010179281790862144,0.23928,0.0027106374813972304,0.0012122339341526056,35602.32195107066,172.89439501360255,77.32072403582319,0.0,0.0,0.0,0.2872060252734,0.9308169029081064,0.014593333333333333,0.0008039485887376952,0.00035953673896650163,15,5,0.0,0.0,0.0,0.24508000000000002,0.004891012165186254,0.0021873271360269785,0.24552000000000002,0.00899066182213523,0.0040207461994013,15655.325847619639,182.70225023590945,81.7069302339341,0.0,0.0,0.0,0.6440299756206,0.9308169029081064,0.006559999999999999,0.001119374825516458,0.0005005996404313532,-1.4631061959600622,0.018145992277133705,0.008115134450171433,5,5
59000,20260805,0.0065375628000000005,0.00022564311096330813,0.000100910666953697,0.015543999999999999,0.0004752683452534991,0.0002125464655081327,0.015295999999999999,0.001233401799901395,0.0005515940536300225,168315.21998206052,789.2068018341421,352.9440114412695,50312.938348199925,1207.3034001759918,539.9224944520298,0.06923499995320001,0.9339306551992405,0.021592,0.00045598245580285066,0.0002039215535444935,25,5,0.0023758768,6.592393737634312e-05,2.948208106358847e-05,0.029804000000000004,0.0007027659638884053,0.00031428649350552734,0.029296,0.001362820604481748,0.0006094719025517085,87686.61684690688,543.0004837212574,242.8371986831999,18444.190532452187,800.1010205564829,357.81605416625047,0.1239849999094,0.9339306551992405,0.01122,0.00038961519477556227,0.00017424121211699563,25,5,0.004066929249999999,0.00010718718010010601,4.793556420406995e-05,9.5e-05,4.47213595499958e-05,2e-05,8e-05,8.366600265340756e-05,3.7416573867739416e-05,44102.07950114658,135.36262635489504,60.536006828489974,16100.961585062358,321.4738931457724,143.76749561309018,0.240734999954,0.9339306551992405,0.011077499999999999,0.0001818739261136678,8.133649242498707e-05,0.991118581536179,0.009289757223672956,0.00415450572932049,20,5,0.0,0.0,0.0,0.240688,0.0017422743756366243,0.0007791687878758991,0.240992,0.0027785463825532875,0.0012426037180050572,167818.97553984908,682.6543620895934,305.2923117538172,0.0,0.0,0.0,0.0699849999526,0.9339306551992405,0.021460000000000003,0.0005033885179461297,0.00022512218904408374,25,5,0.0,0.0,0.0,0.32626000000000005,0.0014673104647619862,0.0006562011886609221,0.33008,0.0010762899237658809,0.0004813314866077152,125748.55457971021,1021.822260650726,456.97280714750633,0.0,0.0,0.0,0.08948499993699999,0.9339306551992405,0.016388,0.0007189714876126871,0.00032153382403722326,25,5,0.0,0.0,0.0,7.000000000000001e-05,6.471089552772391e-05,2.8939592256975557e-05,0.00012000000000000002,0.00013038404810405298,5.8309518948453004e-05,43994.28951330714,209.44787270590157,93.66793622262374,0.0,0.0,0.0,0.23773499995459998,0.9339306551992405,0.01101,0.00013270032027090214,5.9345387352346096e-05,0.01970741079345229,0.03789546169722183,0.01694736567874551,20,5,0.002900740666666667,0.00022305083308768667,9.975136504440534e-05,0.029906666666666665,0.0021000529093863855,0.0009391722123468328,0.03005333333333333,0.0017297398648351745,0.0007735631842325496,33767.00807650729,359.50874197631134,160.77719711289285,6990.477107451028,398.2252566906992,178.09174886354126,0.30307207528779995,0.9339306551992405,0.01396,0.00043678115547465834,0.00019533447098644808,15,5,0.002064082,0.00022434905308469649,0.00010033194667701804,0.03,0.0016926310879810747,0.000756967634711022,0.0308,0.0018547236990991403,0.0008294576541331086,15019.791707580638,142.03897304259596,63.52175983550094,5003.639289724214,607.5282517110707,271.69489381551136,0.6710555256446,0.9339306551992405,0.00618,0.0005805170109479999,0.0002596150997149435,-2.6618899194026673,0.021758131551192075,0.009730532242369685,5,5,0.0,0.0,0.0,0.24152666666666667,0.004060199776146756,0.001815776540338715,0.24242666666666662,0.005609040321956448,0.0025084390896863845,33701.183446209885,130.1780425017088,58.21739044233553,0.0,0.0,0.0,0.3014219252862,0.9339306551992405,0.013500000000000002,0.000608276253029822,0.00027202941017470883,15,5,0.0,0.0,0.0,0.24074,0.0028675773747189382,0.0012824195881223864,0.24136000000000002,0.008459787231366995,0.003783331864904268,15037.449915723535,41.563362447289215,18.58770076112014,0.0,0.0,0.0,0.6702304506437999,0.9339306551992405,0.00626,0.0011523888232710345,0.0005153639490690049,-1.4533031282594469,0.02054872088690324,0.009189667350757083,5,5
60000,20260805,0.006213697200000001,0.0003325541567973551,0.00014872274015980194,0.015164,0.0005930261377038947,0.0002652093512680119,0.015056,0.001509860920747338,0.000675230331072294,160938.51330047887,615.511840902773,275.26526344292716,48379.87699474166,1617.3644850377352,723.3073865876635,0.0730299999502,0.9369042655519808,0.02038,0.0006074537019394966,0.00027166155414412205,25,5,0.002237278,6.4801692909985e-05,2.8980198080758522e-05,0.02908,0.0007630203142774126,0.00034123305818750953,0.028863999999999994,0.0012514311806887336,0.0005596570378365661,83674.39794695588,232.26563704516815,103.87235065405787,17853.005427355194,596.1795525788017,266.6196012723221,0.1290299999054,0.9369042655519808,0.010412,0.00023047776465420723,0.00010307278981380113,25,5,0.0037633015,0.00028535063012650563,0.0001276126812770532,8.999999999999999e-05,6.0207972893961466e-05,2.6925824035672513e-05,2e-05,4.47213595499958e-05,2e-05,42362.078383899665,182.2794196499908,81.51783464731807,14635.16300201728,1070.5731626401428,478.77487331005943,0.24677999995279998,0.9369042655519808,0.0108375,0.0004100304866714187,0.00018337120820892272,0.9657980173120982,0.03296992994090985,0.01474460091225601,20,5,0.0,0.0,0.0,0.241384,0.0014191123986492247,0.0006346463582184894,0.242144,0.001197864766991661,0.00053570140936906,160546.67656547148,709.6018100843563,317.34357686110326,0.0,0.0,0.0,0.0730299999502,0.9369042655519808,0.020308,0.0004433057635537806,0.00019825236442474044,25,5,0.0,0.0,0.0,0.324944,0.0007522499584579692,0.0003364164086366824,0.32819199999999993,0.0027658488751195203,0.0012369252200517147,119604.27503080766,641.0711611419798,286.6957389456377,0.0,0.0,0.0,0.094529999933,0.9369042655519808,0.015335999999999999,0.0004484194465007074,0.00020053927296168238,25,5,0.0,0.0,0.0,6.000000000000001e-05,2.8504385627478453e-05,1.2747548783981964e-05,0.0001,7.071067811865475e-05,3.1622776601683795e-05,42013.425546025646,191.08580802891112,85.45617125762406,0.0,0.0,0.0,0.25077999995199995,0.9369042655519808,0.01067,0.00034102327633168933,0.00015251024555747048,0.06258614701757617,0.04209157837120351,0.018823926103654184,20,5,0.002686887333333334,0.00020542824270830494,9.187030303881907e-05,0.029580000000000002,0.0011344602240713434,0.0005073460357586333,0.030426666666666668,0.002770318874546152,0.0012389242645671815,32123.86318997091,127.63728640236162,57.08112977185803,6565.930588943879,505.56118924066203,226.0938371855511,0.3190425253022,0.9369042655519808,0.013119999999999998,0.000753731458220441,0.00033707895547218974,15,5,0.002126818,0.00033675025125454606,0.00015059929064905976,0.02804,0.0010714476188783096,0.00047916594202843744,0.028239999999999998,0.001991983935678197,0.0008908422980528033,14192.97884318043,108.46114678994768,48.50529942798122,4638.231989656795,384.5886363878976,171.99326686745763,0.7098467256797999,0.9369042655519808,0.006459999999999999,0.000808084154033477,0.0003613862199918531,-2.651184049443336,0.015348495363535409,0.006864055797041104,5,5,0.0,0.0,0.0,0.24215333333333336,0.0020838799282961486,0.0009319394353235151,0.23933333333333334,0.0020110804171997922,0.0008993825042154745,32152.115024679748,78.78032452686044,35.231632186310776,0.0,0.0,0.0,0.3182145503014,0.9369042655519808,0.013266666666666666,0.0007261006970263985,0.0003247221034122013,15,5,0.0,0.0,0.0,0.24048000000000003,0.005220823689802211,0.002334823333787804,0.23679999999999998,0.004049691346263315,0.0018110770276274822,14278.060343894516,182.17001898599895,81.4689091830242,0.0,0.0,0.0,0.7057068506758,0.9369042655519808,0.0059,0.0005958187643906492,0.00026645825188948455,-1.455157913644689,0.019699127672876234,0.0088097177147997,5,5
61000,20260805,0.0058688032,0.0004065122211560183,0.000181797792037857,0.015223999999999998,0.0007332666636360879,0.0003279268211049531,0.015552000000000002,0.0008130928606254035,0.00036362618167563285,154078.61155161465,576.7815863136208,257.9445670334837,45785.68755021208,924.9306297114907,413.64155250131597,0.0755749999482,0.9397440413925644,0.01948,0.001079166344916297,0.00048261786125256494,25,5,0.0020211924,0.00012928717272336018,5.781898136563799e-05,0.030028,0.0008633191762031021,0.000386088072853851,0.030752,0.0010409226676367453,0.0004655147688312365,80161.16066662726,172.3647726726522,77.08386972446968,16174.018258124492,485.2967632536851,217.0313103791724,0.13507499990059998,0.9397440413925644,0.009928000000000001,0.0004107554016686826,0.00018369540005128094,25,5,0.0038191130833333336,0.00013191343009348158,5.8993479366838246e-05,0.00010666666666666667,6.219369385681763e-05,2.7813865447131057e-05,7.333333333333333e-05,6.831300510639733e-05,3.055050463303893e-05,40272.58255250424,235.4972114664904,105.31755467014308,14258.3161791538,306.88304056514215,137.24226796909667,0.2588249999504,0.9397440413925644,0.010681666666666667,0.00015119891240055608,6.761820925033585e-05,0.980294319731315,0.011833368621860364,0.0052920433282585555,19,5,0.0,0.0,0.0,0.241688,0.0015404285118109232,0.0006889005733776124,0.24350400000000003,0.003495093704037149,0.0015630534219917191,154140.39805435814,563.3912845625608,251.95624204256276,0.0,0.0,0.0,0.07482499994879999,0.9397440413925644,0.019572,0.0007966931655286142,0.00035629201506629464,25,5,0.0,0.0,0.0,0.324184,0.0007788966555326926,0.0003483331738436677,0.322672,0.0024110412688296947,0.0010782504347321084,114830.91308006839,505.0383941115228,225.86003609613888,0.0,0.0,0.0,0.09732499993079999,0.9397440413925644,0.014459999999999997,0.0004810405388322264,0.0002151278689523971,25,5,0.0,0.0,0.0,9.166666666666667e-05,3.118047822311617e-05,1.3944333775567924e-05,0.0001,0.00011055415967851333,4.9441323247304415e-05,40261.74164546211,331.0515975504236,148.05077523653,0.0,0.0,0.0,0.2598249999501999,0.9397440413925644,0.0101525,0.0004046989621928871,0.0001809868779773826,0.02091723628484441,0.013580068296135762,0.006073191169849862,19,5,0.0026547866666666664,0.00018260898735032486,8.16652218035451e-05,0.02994,0.0011660474547232939,0.0005214722747503786,0.030746666666666665,0.0028246533710646095,0.0012632233901148809,30706.668981651826,109.80645854739102,49.10694113609582,6213.544766498713,519.0723348969833,232.1362052138382,0.3326247503142,0.9397440413925642,0.013073333333333334,0.0004424678268278703,0.00019787762772874464,15,5,0.001919204,0.00015784161643875798,7.058891680710222e-05,0.029579999999999995,0.0019651971911235776,0.0008788629017087931,0.0312,0.0019390719429665318,0.0008671793355471521,13693.223592102167,127.6229281535418,57.07470856777824,4425.446347732589,247.7917177477066,110.81582502906261,0.7355991257022,0.9397440413925642,0.005900000000000001,0.0004472135954999578,0.00019999999999999993,-2.657803184643768,0.008557937723500879,0.0038272260993915527,5,5,0.0,0.0,0.0,0.24164666666666665,0.0017554043535449172,0.0007850406925051017,0.24301333333333336,0.0033033316515300158,0.0014772948250095525,30653.256653218537,148.63511720379051,66.47164518226481,0.0,0.0,0.0,0.33345562531499995,0.9397440413925642,0.012966666666666668,0.0011853269591129696,0.0005300943312279427,15,5,0.0,0.0,0.0,0.24308000000000002,0.0029380265485526194,0.0013139254164525485,0.24216000000000001,0.010720447751843203,0.00479432998447124,13584.333739306738,64.23368317329324,28.726176404133618,0.0,0.0,0.0,0.7414152507078,0.9397440413925642,0.005560000000000001,0.0005594640292279745,0.000250199920063936,-1.46533070334944,0.023278293141659724,0.010410369172983656,5,5
62000,20260805,0.005747729199999999,0.0002371375088787093,0.00010605111797355079,0.015560000000000001,0.0005824087911424423,0.0002604611295375957,0.015151999999999999,0.0009969553650991613,0.0004458519933789692,147719.17936144932,613.0433593744965,274.1613249432414,44357.20038415965,947.7547726261731,423.848819518396,0.0788699999456,0.9424560062662843,0.018912,0.000599933329629217,0.0002682983414037436,25,5,0.0020889248,0.00010530243916073352,4.709268243198721e-05,0.029903999999999997,0.0010183712486122145,0.00045542946764565,0.030255999999999998,0.0014078636297596447,0.0006296157558384322,76430.18269019217,377.6302654454108,168.8813887794457,15660.087784417788,679.508644296228,303.8855039890181,0.14186999989520002,0.9424560062662843,0.010092,0.0002758985320729345,0.00012338557452149749,25,5,0.003434288666666667,0.0001807013970823135,8.081212150104703e-05,0.00011333333333333334,7.302967433402214e-05,3.265986323710904e-05,8e-05,0.0001192569587999888,5.333333333333334e-05,38392.47099145983,201.41511112234792,90.07557603304878,13740.908447422553,749.6617234477071,335.2589147517442,0.2698699999482,0.9424560062662843,0.009536666666666666,0.0002880489927464114,0.00012881942572626394,0.9863215327779038,0.026485404647169048,0.011844633040531764,15,5,0.0,0.0,0.0,0.23996399999999998,0.0022415798000517367,0.0010024649619812139,0.238512,0.00466839587010358,0.0020877701022861766,147031.91030788104,661.3633451878602,295.77067953334273,0.0,0.0,0.0,0.0786199999458,0.9424560062662843,0.019212,0.0003941065845681862,0.00017624982269494677,25,5,0.0,0.0,0.0,0.32468400000000003,0.0024492202840904346,0.0010953246094195115,0.324768,0.0057862181085749035,0.0025876754046827485,109624.49712847127,934.3310174737318,417.8455337115616,0.0,0.0,0.0,0.1018699999272,0.9424560062662843,0.014299999999999998,0.0004933558553417615,0.00022063544592834628,25,5,0.0,0.0,0.0,0.00011333333333333334,3.8005847503304595e-05,1.6996731711975947e-05,8e-05,7.302967433402216e-05,3.2659863237109046e-05,38543.08378908194,219.5141963483608,98.16973301223416,0.0,0.0,0.0,0.2688699999484,0.9424560062662843,0.00987,0.00018834070782022163,8.422852512328835e-05,0.0836455203458113,0.05274381849918343,0.023587752711417016,15,5,0.0026303689999999996,0.00022313000751803875,9.978677292607476e-05,0.02979,0.001182898981316664,0.0005290085065478629,0.030199999999999998,0.0027386127875258293,0.0012247448713915885,29147.92593598166,237.72779795772678,106.31510327496254,5984.027350369322,508.6919704493639,227.4939651066184,0.3487953003286,0.9424560062662843,0.01273,0.0005563272418280451,0.00024879710609249464,10,5,0.001967236,0.0005323228231346088,0.00023806200370071656,0.029000000000000005,0.0011937336386313316,0.0005338539126015653,0.028560000000000002,0.003516816742453322,0.0015727682601069997,13009.467616422708,139.25106739352805,62.27497052626663,4404.220051792903,366.6250919013473,163.95972554970402,0.7740205507365999,0.9424560062662843,0.00574,0.001308816259067712,0.0005853204250664758,-2.6659865051856046,0.02327458006556223,0.01040870863487173,5,5,0.0,0.0,0.0,0.24277999999999994,0.004062880751388108,0.0018169755089158463,0.24584,0.007081525259433871,0.003166954372895194,29046.390180254013,380.8845284862099,170.33673945462408,0.0,0.0,0.0,0.351296625331,0.9424560062662843,0.01236,0.0006904708538381612,0.00030878795313289,10,5,0.0,0.0,0.0,0.24530000000000002,0.0053623688795158475,0.002398124267005363,0.24144000000000002,0.010247341118553624,0.0045827502659429266,12855.011913300606,37.77349786438518,16.89282179454168,0.0,0.0,0.0,0.7831920757454001,0.9424560062662843,0.005339999999999999,0.0006308724118234999,0.0002821347195933175,-1.4554921345177447,0.014261133518717429,0.006377772796810587,5,5
63000,20260805,0.0055463288,0.00016387165755309854,7.328563317485903e-05,0.015123999999999999,0.0011709312533193402,0.0005236563758802142,0.015248000000000001,0.0012336612176768783,0.000551710068786133,140363.49870543554,885.651589577207,396.0754317350758,42036.632675164896,1050.9449877679156,469.9968866523488,0.0811649999438,0.9450459126142375,0.018303999999999997,0.0009991396298816308,0.0004468288262858613,25,5,0.0018597632,5.21444009765192e-05,2.331968504590067e-05,0.02984,0.000531413210223456,0.00023765521244020678,0.031071999999999995,0.0006849233533761281,0.0003063070355052265,73116.9438865841,253.2081134482618,113.23811082495841,14622.580594047558,265.9499099881397,118.93641546868614,0.14741499989079998,0.9450459126142375,0.009228,0.00027480902459708337,0.00012289833196589802,25,5,0.0032970453333333338,5.9408568562212364e-05,2.6568319550212758e-05,4.6666666666666665e-05,6.912147117775907e-05,3.091206165165235e-05,5.333333333333333e-05,7.302967433402216e-05,3.2659863237109046e-05,36749.301282194305,334.25413633812366,149.48299412250543,13215.856332244593,380.1876948923482,170.025105997648,0.2829149999456,0.9450459126142375,0.009116666666666665,0.00023213980461973525,0.00010381607668264954,0.9894438244695329,0.011477729161526833,0.005132996526501132,15,5,0.0,0.0,0.0,0.24101600000000004,0.0015644423926754161,0.0006996399073809299,0.24104,0.0035709942593064843,0.001596997182214162,140664.04805885692,435.5318769747422,194.77577665671978,0.0,0.0,0.0,0.0811649999438,0.9450459126142375,0.018128,0.0003494567212116539,0.00015628179676469017,25,5,0.0,0.0,0.0,0.326068,0.002138765999355713,0.0009564852325049291,0.324224,0.004817767117659402,0.0021545709549699297,104824.0537818579,429.09736090484233,191.8981735897976,0.0,0.0,0.0,0.105914999924,0.9450459126142375,0.013300000000000001,0.0007165193647069135,0.00032043720133592446,25,5,0.0,0.0,0.0,6.666666666666667e-05,5.270462766947299e-05,2.3570226039551585e-05,0.00010666666666666667,0.00017384539747207064,7.7746025264604e-05,36747.50668760288,192.4709844453257,86.07564098321059,0.0,0.0,0.0,0.28191499994580005,0.9450459126142375,0.009170000000000001,0.0005288089341991955,0.0002364905447957229,0.044562888319721494,0.048983424143427476,0.02190605323108165,15,5,0.002359664,0.00027516862617311564,0.00012305915067966288,0.02989,0.0010008746175220941,0.0004476047363467009,0.0308,0.0018110770276274831,0.0008099382692526633,27638.728044343465,225.9790706412558,101.06091268921499,5573.018056444856,318.35406463753293,142.37226588857712,0.36758027534539994,0.9450459126142375,0.0116,0.0009695359714832659,0.00043358966777357603,10,5,0.0016487600000000002,0.0001770903824322484,7.919722665598839e-05,0.028740000000000005,0.0017155174146594957,0.0007672027111526653,0.02728,0.005332166539034578,0.0023846173697262205,12373.064412215379,70.30089713737753,31.439516975679304,4173.847759274608,302.2010850196583,135.14843379562987,0.8135280507717999,0.9450459126142375,0.004860000000000001,0.0004560701700396551,0.00020396078054371134,-2.6603219558817135,0.02049548912868827,0.009165861384770982,5,5,0.0,0.0,0.0,0.23975,0.004011234224026303,0.001793878479719287,0.23967999999999998,0.003900256401827962,0.0017442476888332116,27638.001933666976,160.72601422659605,71.87885871265341,0.0,0.0,0.0,0.36758027534539994,0.9450459126142375,0.01172,0.0006870225614927061,0.000307245829914744,10,5,0.0,0.0,0.0,0.2419,0.006232575711533717,0.0027872925931807023,0.24208,0.010527677806620029,0.0047081206441636535,12208.883668981238,81.4778710734352,36.43801167643297,0.0,0.0,0.0,0.8244048257821998,0.9450459126142375,0.00552,0.00024899799195977456,0.00011135528725660039,-1.4606589928245968,0.034899306970325866,0.015607444550656173,5,5
64000,20260805,0.0053031364,0.00016854568670482146,7.537592255727266e-05,0.015099999999999999,0.0004602173399601539,0.00020581545131500689,0.014992,0.0009131922032080648,0.0004083919685792069,134229.29869497285,701.3484953809666,313.6525823178077,40461.72890413413,851.5321244851052,380.81674307470166,0.08445999994119999,0.9475192539750228,0.017408,0.0003769880634715107,0.00016859418732566064,25,5,0.0017379820000000001,0.00010634865590123848,4.756056478218068e-05,0.029875999999999996,0.0007965425286825572,0.0003562246482207547,0.030608000000000003,0.0014681689276101674,0.0006565851049178604,69600.54407871403,286.2817408899432,128.0290866693788,14122.132051272496,623.0494615478325,278.63618987311895,0.1539599998856,0.9475192539750228,0.008492000000000001,0.0003354400095397083,0.00015001333274079315,25,5,0.0032235896666666665,0.00015181441132276524,6.789346873636337e-05,9.333333333333333e-05,4.3461349368017646e-05,1.9436506316150994e-05,0.00013333333333333334,9.428090415820634e-05,4.216370213557839e-05,35076.905397047565,329.16359656759147,147.20643552869018,12581.563383658613,245.31367420843068,109.70761026805758,0.2969599999428,0.9475192539750228,0.00893,0.000225585657542515,0.00010088497300281034,0.9903487558898323,0.011616598747464653,0.005195100893333976,15,5,0.0,0.0,0.0,0.24092000000000002,0.0016981754915202367,0.0007594471673526734,0.240848,0.003600266656790864,0.0016100881963420552,134254.2707619037,767.5118867285863,343.2417504528475,0.0,0.0,0.0,0.08495999994079999,0.9475192539750228,0.01714,0.0002956349099818913,0.000132211951048308,25,5,0.0,0.0,0.0,0.325248,0.0013103892551451913,0.0005860238902979927,0.327424,0.00382137148154953,0.0017089692800047664,99602.62564861972,261.3298768111157,116.87027382026012,0.0,0.0,0.0,0.1107099999202,0.9475192539750228,0.012412000000000001,0.00032205589576966284,0.0001440277750991106,25,5,0.0,0.0,0.0,0.00011333333333333334,9.603240193925288e-05,4.2946995755750416e-05,8e-05,0.0001192569587999888,5.333333333333334e-05,35111.38154367113,93.4030065976202,41.771094411028024,0.0,0.0,0.0,0.295959999943,0.9475192539750228,0.008936666666666667,0.00039815546935559933,0.00017806053901849088,0.08166015582561661,0.08853189370455668,0.03959266650003488,15,5,0.002270078,0.00024313646851099915,0.00010873393427996622,0.02989,0.0016391308672586216,0.0007330416086416924,0.029960000000000004,0.0027978563222581694,0.001251239385569365,26472.362202924116,346.6800017255077,155.04001005959591,5479.236922667948,482.1007858952304,215.60202585356137,0.38228917535819995,0.9475192539750227,0.01089,0.0005650221234606652,0.0002526855753698652,10,5,0.0015672519999999999,0.0001388155094721047,6.208018310217841e-05,0.03034,0.0008142481194328918,0.0003641428291206627,0.02968,0.0030252272641902458,0.001352922762023021,11553.884266925761,132.62294697312748,59.3107849616526,3711.05646361034,136.14355540044957,60.885248914782764,0.8709218258238,0.9475192539750227,0.004860000000000001,0.0005412947441089744,0.00024207436873820411,-2.649546424109878,0.02169232099390164,0.009701100866421973,5,5,0.0,0.0,0.0,0.23939,0.001972435043290408,0.0008820997676000185,0.23803999999999997,0.0038272705679112933,0.0017116074316267753,26323.61962801232,144.64523488312338,64.68731556401754,0.0,0.0,0.0,0.38480790036060003,0.9475192539750227,0.0109,0.0007689278249614848,0.00034387497728098794,10,5,0.0,0.0,0.0,0.23834,0.0027645976199078253,0.0012363656417096046,0.24072,0.003788403357616504,0.0016942254867637898,11747.070444898667,103.59362138752026,46.32847589157427,0.0,0.0,0.0,0.8566490508101999,0.9475192539750227,0.004960000000000001,0.0009762171889492625,0.0004365775990588615,-1.4400050977931826,0.024135411903345564,0.010793684336167652,5,5
65000,20260805,0.0049802527999999995,0.00013718763293824997,6.135217458444323e-05,0.01502,0.0006029925372672535,0.0002696664606509308,0.015279999999999998,0.0008466404195406683,0.0003786291061183751,128442.15106817501,554.6158288185638,248.03173892713912,38493.92293064586,628.0425799972036,280.86918032761935,0.0880049999384,0.9498812766372728,0.016432,0.0004378584246077716,0.0001958162403887888,25,5,0.0018492764,9.376476223400762e-05,4.1932876449869214e-05,0.030092,0.0012071950960801671,0.0005398740593879287,0.029136000000000002,0.0010872350251900473,0.0004862262847687284,66856.1271316263,216.52611733627117,96.83342345359961,14149.336783932285,424.7578873999169,189.9575020410831,0.1602549998806,0.9498812766372728,0.008688,0.0005673799432479084,0.0002537400244344592,25,5,0.0029493193333333333,0.0002090634433232328,9.349601417618461e-05,8.666666666666667e-05,5.57773351022717e-05,2.494438257849294e-05,0.00016000000000000004,0.0001460593486680443,6.531972647421809e-05,33472.529264992045,244.4974494480019,109.34258345821013,11355.580997254569,852.0782943807262,381.06099767747617,0.3100049999402,0.9498812766372728,0.008653333333333334,0.0004128828189961674,0.00018464681000343434,0.9656694931419704,0.03591349310596164,0.016061002378880057,15,5,0.0,0.0,0.0,0.24104,0.000765636989702019,0.00034240327101240416,0.2412,0.0038587044457952355,0.0017256650891757598,128712.19543053738,949.7605285853949,424.745820852615,0.0,0.0,0.0,0.08825499993819999,0.9498812766372728,0.016716,0.0005527024515957934,0.0002471760506197962,25,5,0.0,0.0,0.0,0.32537200000000005,0.001979424158688579,0.0008852253950265986,0.325744,0.004386305962880379,0.001961615660622639,95670.23015904982,542.8508374515875,242.77027483688767,0.0,0.0,0.0,0.1145049999172,0.9498812766372728,0.012088000000000002,0.0002427344227751816,0.00010855413396089583,25,5,0.0,0.0,0.0,8e-05,2.9814239699997196e-05,1.3333333333333333e-05,0.00016000000000000004,5.96284793999944e-05,2.666666666666667e-05,33653.12793978817,156.9739029195782,70.20086352432591,0.0,0.0,0.0,0.30800499994059993,0.9498812766372728,0.008743333333333334,0.00017264285550104726,7.720823214600303e-05,0.06220844656016726,0.0877052301008801,0.03922297129756573,15,5,0.0022050489999999997,0.00023678874005640557,0.00010589514381453004,0.029150000000000002,0.0005578978401105353,0.00024949949899749315,0.029000000000000005,0.0017435595774162697,0.0007797435475847172,25123.645829832083,163.9757518243287,73.33218554816683,5338.820483644486,266.78894189414154,119.31164194410839,0.405515625379,0.9498812766372728,0.0103,0.0006642665127793219,0.0002970690155502593,10,5,0.001513314,0.0004233701810236522,0.00018933690088305554,0.028919999999999994,0.0016634301909007184,0.0007439085965358917,0.031120000000000002,0.0018198901065723731,0.0008138795979750325,11146.418120854909,122.25989879778504,54.67628892681843,3520.633640650861,295.1871460479011,132.01170492945303,0.902575875851,0.9498812766372728,0.00472,0.0009934787365615835,0.0004442971978304613,-2.654194762972836,0.021975735604875757,0.00982784773361293,5,5,0.0,0.0,0.0,0.23894,0.002280734530803634,0.0010199754899016028,0.24252,0.006184820126729639,0.002765935646395267,24991.24357046614,246.45183907699123,110.21661307119828,0.0,0.0,0.0,0.405515625379,0.9498812766372728,0.01033,0.000630079360080935,0.0002817800560721076,10,5,0.0,0.0,0.0,0.24194,0.0031453139747885253,0.0014066271716414403,0.24287999999999998,0.005117812032499821,0.0022887551201471925,11021.311660918702,45.90912062130809,20.531182899296454,0.0,0.0,0.0,0.9126855758606001,0.9498812766372728,0.00484,0.0005128352561983233,0.00022934689882359426,-1.4594405192075706,0.02135792085471604,0.009551552577841094,5,5
66000,20260805,0.0047141436,0.00025981521312040207,0.00011619289562516285,0.015104000000000001,0.00013667479650615908,6.11228271597445e-05,0.015088,0.0006825833282464477,0.00030526054445342187,122989.638973735,388.9508753824606,173.94411945264628,37017.488300740544,598.9348977697518,267.85182910201047,0.09179999993539999,0.9521369907677361,0.015487999999999998,0.0006447635225414043,0.00028834701316295954,25,5,0.0017334196,7.444377061111292e-05,3.3292266317569904e-05,0.029496,0.0002666083269517262,0.00011923086848630981,0.029008,0.001077181507453596,0.0004817302149543874,63563.51914842373,273.5224595360195,122.32296257909502,13531.824245877884,420.39890906635094,188.00810766782266,0.1682999998742,0.9521369907677361,0.0081,0.00020688160865577182,9.252026804976293e-05,25,5,0.0029756193333333333,5.777369591537496e-05,2.583718227563607e-05,0.00014,5.477225575051661e-05,2.4494897427831778e-05,0.00013333333333333334,9.428090415820634e-05,4.216370213557839e-05,31933.476051138983,137.70505513304334,61.58357282456825,11532.11127130773,165.4276240579881,73.9814825499882,0.3240499999373999,0.9521369907677361,0.008196666666666668,0.00018686001890898588,8.35663409114777e-05,0.9956167466873763,0.006004622561944509,0.0026853488455473727,15,5,0.0,0.0,0.0,0.24026,0.0011527358760791643,0.000515519155803157,0.240672,0.0033564743407331443,0.0015010609581226203,122698.4302210627,800.9098386928613,358.1777686331258,0.0,0.0,0.0,0.0920499999352,0.9521369907677361,0.015383999999999998,0.0006266418434799896,0.000280242751913408,25,5,0.0,0.0,0.0,0.324516,0.0020156587012686434,0.0009014299750951257,0.32233600000000007,0.004608305545425576,0.0020608968921321667,91265.21050918454,247.92409848939803,110.87502749652938,0.0,0.0,0.0,0.1200499999128,0.9521369907677361,0.011828,0.000367586724461045,0.00016438978070427627,25,5,0.0,0.0,0.0,0.00012000000000000002,8.027729719194864e-05,3.590109871423003e-05,0.00013333333333333334,9.428090415820634e-05,4.216370213557839e-05,32032.3608303319,145.15357038442033,64.91465011127282,0.0,0.0,0.0,0.321049999938,0.9521369907677361,0.008166666666666668,0.00047478065110813773,0.00021232836205588136,0.04841185542853589,0.03409218110711284,0.01524648689134767,15,5,0.00211054,9.940881424702741e-05,4.445697324380057e-05,0.029349999999999998,0.000872496418330757,0.00039019226030253325,0.03012,0.002007984063681782,0.0008979977728257462,23900.03774026768,171.1886334009398,76.55788425195848,4917.2363470226655,277.63547509178716,124.16235905413714,0.42128450039259996,0.9521369907677361,0.01021,0.00044777226354476255,0.00020024984394500798,10,5,0.001716326,0.00016850987250010017,7.535990595800928e-05,0.029699999999999997,0.0015215124054702926,0.0006804410334481593,0.02968,0.004786648096528509,0.002140654105641544,10544.077971453771,128.20948318984532,57.33702395452214,3480.3336106322517,354.44860489886213,158.51423501676413,0.9538707508965999,0.9521369907677361,0.005200000000000001,0.0006000000000000003,0.0002683281572999749,-2.6611184876260987,0.01665602837520691,0.007448802336425604,5,5,0.0,0.0,0.0,0.24201,0.0028586272929502364,0.0012784169898745867,0.24559999999999998,0.007870196947980381,0.0035196590743991015,23707.84140482036,216.24314749342994,96.70687549276452,0.0,0.0,0.0,0.42804750039899997,0.9521369907677361,0.01022,0.00044805133634439687,0.00020037464909513868,10,5,0.0,0.0,0.0,0.24366,0.0055774546165791375,0.002494313532818195,0.23912,0.011082959893458064,0.004956450342735211,10580.783812683316,54.02165261537125,24.159217500969884,0.0,0.0,0.0,0.9504892508934001,0.9521369907677361,0.00426,0.0004393176527297758,0.00019646882704388495,-1.4495781514675001,0.025410476521474726,0.011363910568535977,5,5
67000,20260805,0.004387492,0.00013855200405623843,6.196233989771514e-05,0.015071999999999999,0.00025635912310663036,0.0001146472851837325,0.015632,0.0009509574122956304,0.00042528108352006473,117255.82253862033,522.8172905810349,233.8110003102909,34858.46410828118,891.0639255003553,398.4959019433205,0.094844999933,0.9542911810385124,0.014584000000000003,0.00021419617176784473,9.579144011862443e-05,25,5,0.0016651376000000003,5.2634490581746834e-05,2.3538859780371675e-05,0.029783999999999998,0.0009269735702812669,0.0004145551832989183,0.029152,0.0013054960742951319,0.0005838355932966061,60899.75057239811,140.19449733942943,62.69688522447552,12904.621117922501,495.3540348884288,221.52905898786585,0.1738449998698,0.9542911810385124,0.007816,0.0003424616766880631,0.0001531535177526128,25,5,0.0027766740000000002,0.00017753712327207025,7.939701523322179e-05,0.00016,5.477225575051661e-05,2.4494897427831778e-05,8e-05,0.0001192569587999888,5.333333333333334e-05,30568.85670955902,262.7484107644762,117.50466148988124,10531.653202391219,471.8199956307177,211.0043166747877,0.3380949999346,0.9542911810385124,0.00801,0.000342093229657907,0.00015298874323150543,0.9736798447015508,0.01846962341696961,0.008259866695833198,15,5,0.0,0.0,0.0,0.24167200000000003,0.0015452249027245208,0.0006910455846035056,0.24100799999999997,0.005808022038525677,0.0025974264185920633,117370.97170618584,654.6370151704828,292.76257330175207,0.0,0.0,0.0,0.09609499993199999,0.9542911810385124,0.014372000000000001,0.00028481572990268517,0.00012737346662472471,25,5,0.0,0.0,0.0,0.324316,0.001363920818816082,0.0006099639333599867,0.32484799999999997,0.0026716886046094642,0.001194815466923664,87328.90415273172,248.37437730050172,111.0763983026205,0.0,0.0,0.0,0.1258449999082,0.9542911810385124,0.011104,0.00042506470095739565,0.00019009471323527133,25,5,0.0,0.0,0.0,9.333333333333333e-05,2.788866755113584e-05,1.2472191289246465e-05,5.333333333333333e-05,7.302967433402216e-05,3.2659863237109046e-05,30783.058309621003,132.81379923062937,59.396136685939304,0.0,0.0,0.0,0.33409499993540004,0.9542911810385124,0.00794,0.000554476730300239,0.0002479695321786304,0.02706834616879595,0.04606606426292629,0.020601370229555386,15,5,0.002043914,0.0002513616839188104,0.00011241236243625514,0.029910000000000003,0.0012511994245522965,0.0005595533933415108,0.030440000000000002,0.002459268183830303,0.0010998181667894013,22781.77510244344,207.06151572696257,92.60072493792602,4647.721953040804,331.37691342444225,148.1962609182231,0.4439381754126,0.9542911810385124,0.00993,0.0008066907709897269,0.0003607630801509489,10,5,0.0015363500000000001,0.00010387916634243834,5.193958317121917e-05,0.028875,0.0014314910641239312,0.0007157455320619656,0.028900000000000002,0.0015099668870541508,0.0007549834435270754,10093.347689505517,65.97920469325207,29.506797359096957,3433.5214657331685,108.7490566787615,54.37452833938075,0.9950892009334,0.9542911810385124,0.0045,0.0002943920288775946,0.0001471960144387973,-2.667289303984028,0.006380442562431499,0.0028534206592259552,5,5,0.0,0.0,0.0,0.24057,0.003694692138730914,0.0016523165556272814,0.2426,0.0075325958341066,0.0033686792664188174,22804.636052388923,182.1658698644435,81.4670536394552,0.0,0.0,0.0,0.44648300041500005,0.9542911810385124,0.00998,0.0005794393842327252,0.0002591331703969987,10,5,0.0,0.0,0.0,0.23916666666666667,0.000550757054728605,0.00031797973380564556,0.2392,0.01014297786648478,0.005856051001599405,10119.273986323627,61.15816946357235,30.579084731786175,0.0,0.0,0.0,0.7938203007448,0.9542911810385124,0.004366666666666667,0.0009073771725877467,0.0005238744548500572,-1.451041162241901,0.027744338029960305,0.012407645165144768,4,5
68000,20260805,0.004365076,0.0002518146149690285,0.00011261491935973675,0.015136,0.000794782989249266,0.00035543775826436867,0.01512,0.0015242047106606134,0.000681645068932506,111844.08377422256,363.92253487658,162.75110530561417,33668.2344481078,1247.2366573724514,557.7811899828831,0.10038999992859998,0.9563484167759834,0.01434,0.00042047592083257356,0.00018804254837669087,25,5,0.0015640876000000002,0.00014927056811977376,6.675582747116542e-05,0.029944,0.00020268201696252932,9.06421535489962e-05,0.02944,0.0021762352813976707,0.000973242004847715,58363.97144092199,198.51041111366166,88.77655469831544,12276.172711381281,790.709374624893,353.6159824215216,0.18213999986319998,0.9563484167759834,0.0073880000000000005,0.0003910498689425685,0.0001748828179095934,25,5,0.0027159130000000004,0.0001586312579478742,7.09420552255501e-05,7.000000000000001e-05,7.58287544405155e-05,3.3911649915626336e-05,0.00012000000000000002,0.00017888543819998315,7.999999999999999e-05,29089.09098342851,192.32170071423062,86.0088792690779,10439.093656055631,148.17368790013475,66.26528772430787,0.3541399999314,0.9563484167759834,0.00751,0.0004913629005124417,0.00021974416943345716,0.9955555555555555,0.00993807989999903,0.004444444444444429,10,5,0.0,0.0,0.0,0.24161200000000002,0.0013559203516431064,0.0006063860156698809,0.24283200000000002,0.0030170714277258873,0.0013492753610734856,111813.77569346028,357.13488591359805,159.71557640788745,0.0,0.0,0.0,0.0993899999294,0.9563484167759834,0.014476,0.0003958282455813383,0.00017701977290687063,25,5,0.0,0.0,0.0,0.32504,0.001983380951809294,0.0008869949267047632,0.328768,0.0018107236122611057,0.0008097802170959607,83204.57459508425,672.5414764963816,300.76969182679727,0.0,0.0,0.0,0.1303899999046,0.9563484167759834,0.011132,0.00015270887335056877,6.829348431585557e-05,25,5,0.0,0.0,0.0,8.999999999999999e-05,8.215838362577491e-05,3.6742346141747665e-05,0.00016,0.000260768096208106,0.00011661903789690603,29209.87514083028,177.87755203608407,79.54925960478802,0.0,0.0,0.0,0.34913999993239997,0.9563484167759834,0.007569999999999999,0.0002445659420279117,0.00010937321427113667,0.04928826256358539,0.0424210245697603,0.01897125892263456,10,5,0.0019325100000000001,0.0001060547590280606,4.74291301048206e-05,0.03009,0.0007274957044546726,0.0003253459696999489,0.028839999999999998,0.002282104292095346,0.0010205880657738458,21578.238976468412,109.43223511559813,48.93958332964339,4613.742241189624,285.0321323749234,127.47024475240944,0.46843920043419995,0.9563484167759834,0.00903,0.0006861122357165766,0.00030683871985132485,10,5,,,,,,,,,,,,,,,,0.0,0.9563484167759834,,,,-2.645168459877142,0.009244423177034356,0.004134231727324678,0,5,0.0,0.0,0.0,0.24225,0.0023856340876169577,0.0010668879978704413,0.2428,0.005614267539047281,0.002510776772236035,21442.099267609876,145.9038064666716,65.25016588709022,0.0,0.0,0.0,0.473546250439,0.9563484167759834,0.00943,0.0008948463555270254,0.00040018745607527464,10,5,,,,,,,,,,,,,,,,0.0,0.9563484167759834,,,,-1.4713529865528374,0.03324714441003508,0.014868574991718116,0,5
69000,20260805,0.0041622216,0.00014695462783730184,6.572010749047796e-05,0.015304000000000002,0.0003559213396243605,0.0001591728620085719,0.015263999999999996,0.0014203098253550174,0.0006351818637209347,107087.42398911221,310.8121536901383,138.99942077685228,32169.74886641198,1110.060287835431,496.4340525446013,0.103684999926,0.9583130616529665,0.013727999999999999,0.0005332166539034588,0.0002384617369726225,25,5,0.0015306532,7.909870826505324e-05,3.537401772261669e-05,0.029184000000000005,0.0006221575363201819,0.0002782373087851442,0.029216,0.0013450947921986763,0.0006015446783074387,55551.45174875043,384.57833030051694,171.98865784506458,11744.616077264092,428.30499217889144,191.5438155229034,0.1896849998572,0.9583130616529665,0.00722,0.0002870540018881461,0.00012837445228704953,25,5,0.0023252905,0.00019381864663261893,8.667833383550933e-05,0.00011,5.4772255750516614e-05,2.449489742783178e-05,0.00012000000000000002,0.00010954451150103323,4.898979485566356e-05,27676.07903948854,107.36408146391886,48.01467689902954,9006.629253364998,693.9312742720647,310.33550019707747,0.3701849999282,0.9583130616529665,0.007105,0.00028581025174055603,0.00012781823031164216,0.951725070251386,0.03337588834582094,0.014926151030139726,10,5,0.0,0.0,0.0,0.241452,0.0028815481949812957,0.001288667528883999,0.24176000000000003,0.0027264629100723073,0.001219311281010715,107507.49193975926,615.3032437338018,275.17197595298046,0.0,0.0,0.0,0.10393499992579999,0.9583130616529665,0.013635999999999999,0.0002957701810527893,0.00013227244611029143,25,5,0.0,0.0,0.0,0.32645599999999997,0.000669238373077932,0.0002992924990707242,0.328784,0.003658808549241124,0.0016362689265521078,79559.99187188063,317.5934877731879,142.0321255744193,0.0,0.0,0.0,0.1361849999,0.9583130616529665,0.010103999999999998,0.000522570569397091,0.00023370066324253334,25,5,0.0,0.0,0.0,0.00012000000000000002,4.472135954999578e-05,1.9999999999999995e-05,8e-05,0.00010954451150103323,4.898979485566356e-05,27753.14025304179,239.36442759899418,107.04702630133555,0.0,0.0,0.0,0.3691849999284,0.9583130616529665,0.007005,0.00035768351932958836,0.00015996093273046392,0.004366397721879449,0.006000090776344418,0.002683322169415121,10,5,0.001865797,0.00012546325406269363,5.610887295250192e-05,0.030209999999999997,0.0005941380311005173,0.00026570660511172813,0.03064,0.002031748015872047,0.0009086253353280437,20470.533089026023,74.55273813246204,33.340998074585166,4154.258478492158,257.45400965273956,115.13693333268253,0.4948049754574,0.9583130616529665,0.009089999999999999,0.00033052987762076814,0.0001478174549909448,10,5,,,,,,,,,,,,,,,,0.0,0.9583130616529665,,,,-2.6527229130879064,0.03592464502706279,0.01606598966961243,0,5,0.0,0.0,0.0,0.24183,0.0014302971719191843,0.0006396483408873998,0.24208,0.003263740185737833,0.0014595889832415168,20596.21636621884,81.93122038438938,36.640755651802216,0.0,0.0,0.0,0.492242750455,0.9583130616529665,0.009240000000000002,0.0004942165517260629,0.0002210203610530035,10,5,,,,,,,,,,,,,,,,0.0,0.9583130616529665,,,,-1.4917445629303514,0.025853768387688755,0.011562156717881439,0,5
70000,20260805,0.0038704452,0.00017470227212374766,7.812923125847326e-05,0.015487999999999998,0.0007961909318750116,0.000356067409348286,0.015295999999999999,0.0007186654298072211,0.00032139695082561,102268.97299359526,487.605826040085,218.06395465011343,30691.158786816708,533.7160339189625,238.6850665048767,0.1084799999222,0.9601892829446502,0.0128,0.0006379655163094628,0.00028530685235374193,25,5,0.0014264476000000002,0.0001088315175066488,4.8670934247865023e-05,0.029892000000000002,0.0004371727347399422,0.00019550959055759893,0.030000000000000006,0.0008579044235810907,0.00038366652186501844,53231.89916488151,280.32287334612624,125.36420009000044,11019.999450192545,298.89555452847765,133.67015561963422,0.1984799998502,0.9601892829446502,0.006876,0.0005225705693970913,0.00023370066324253347,25,5,0.00231721,0.0002486326335178067,0.00011119189399412169,0.00016,8.944271909999159e-05,3.9999999999999996e-05,0.00028000000000000003,0.000303315017762062,0.00013564659966250534,26679.051751152398,78.13115648929023,34.94131541414536,9086.651578726227,537.5560719406816,240.40238371542625,0.3852299999252,0.9601892829446502,0.006744999999999999,0.0004754603032851427,0.0002126323117496491,0.9744859909077288,0.024251176668366962,0.010845455912965079,10,5,0.0,0.0,0.0,0.24156,0.0007511324783285788,0.000335916656330118,0.24235200000000004,0.00342536421421139,0.0015318694461343638,102476.52040341373,492.8653131376678,220.41606878550905,0.0,0.0,0.0,0.10822999992239998,0.9601892829446502,0.012847999999999998,0.0004640258613482652,0.00020751867385852263,25,5,0.0,0.0,0.0,0.325732,0.0008046862742709056,0.00035986664196615696,0.323792,0.003600266656790846,0.0016100881963420472,76103.77279709368,444.2559291626546,198.67729140300537,0.0,0.0,0.0,0.1417299998956,0.9601892829446502,0.009696,9.93981891183135e-05,4.445222154178577e-05,25,5,0.0,0.0,0.0,7.000000000000001e-05,5.7008771254956906e-05,2.5495097567963927e-05,8e-05,0.00010954451150103323,4.898979485566356e-05,26643.015715109155,2.447869743035461,1.0947206290984466,0.0,0.0,0.0,0.3852299999252,0.9601892829446502,0.007135,0.00041405011773938645,0.00018516884187141192,0.13441598026541254,0.12326001232853828,0.05512355329481475,10,5,0.0017031980000000002,0.00031704461392681005,0.00014178666172810474,0.030779999999999995,0.000303315017762062,0.00013564659966250534,0.032479999999999995,0.004975138189035557,0.002224949437627741,19612.237742753827,116.54477068424698,52.120405934420184,3754.975166738232,599.2402198560862,267.9883732900256,0.515340125475,0.9601892829446502,0.00878,0.0005449770637375485,0.0002437211521390788,5,5,,,,,,,,,,,,,,,,0.0,0.9601892829446502,,,,-2.6641122124927126,0.02261904412507864,0.010115544049948619,0,5,0.0,0.0,0.0,0.24106,0.005354717546239013,0.0023947024867402612,0.24592,0.010428422699526527,0.004663732410848635,19546.86546361907,147.26201976641616,65.85757734032484,0.0,0.0,0.0,0.5170540754766,0.9601892829446502,0.00796,0.0011414902540100814,0.0005104899607240087,5,5,,,,,,,,,,,,,,,,0.0,0.9601892829446502,,,,-1.4619553808951111,0.04471279762967304,0.019996170992828077,0,5
71000,20260805,0.0038287076000000004,4.166514976332103e-05,1.863322143269902e-05,0.015616,0.000651367791650769,0.00029130053209700787,0.015903999999999998,0.0009656500401284107,0.0004318518264405052,97670.26179588694,533.9809267413901,238.8035301764167,28939.013568897877,752.2220297002831,336.4039185165397,0.1132749999184,0.961981060367944,0.012816,0.00031381523226255175,0.00014034243834279016,25,5,0.0012965776000000001,0.00023584238425439983,0.00010547192063369281,0.02998,0.0010279105019407083,0.0004596955514250706,0.031104,0.003524724102678109,0.00157630453910404,50569.92661684334,60.84394783912328,27.210240677546217,10142.851003396328,1068.8705043569548,478.0134213773272,0.2092749998416,0.961981060367944,0.006416,0.000491609601208113,0.00021985449733858065,25,5,0.0020768635,0.00038565506115245007,0.00017247018652074333,0.00014,4.183300132670377e-05,1.8708286933869705e-05,0.00028,0.00022803508501982763,0.00010198039027185571,25388.569274974783,87.49246847821276,39.12782140730826,8158.436280993274,635.8342227568987,284.3537089010338,0.40127499992200005,0.961981060367944,0.006385,0.0007118637510085763,0.0003183551475946322,0.9498579196295424,0.03501739753877498,0.015660256258366936,10,5,0.0,0.0,0.0,0.242828,0.0018953416578548737,0.0008476225575101291,0.243392,0.0031131206208562063,0.0013922298660781654,97479.84587831002,687.6948997007327,307.5465087021476,0.0,0.0,0.0,0.1130249999186,0.961981060367944,0.012244,0.0004663475099107957,0.0002085569466596592,25,5,0.0,0.0,0.0,0.32645599999999997,0.0008936889839312159,0.00039966986376258317,0.32632,0.0018225257199831228,0.0008150582801248018,73077.2479897296,302.27035555896896,135.1794125225772,0.0,0.0,0.0,0.1482749998904,0.961981060367944,0.009659999999999998,0.0002588435821108961,0.00011575836902790242,25,5,0.0,0.0,0.0,8.999999999999999e-05,7.416198487095664e-05,3.3166247903554e-05,0.00016,0.00016733200530681512,7.483314773547883e-05,25357.18745550054,87.19063580001003,38.992837730049835,0.0,0.0,0.0,0.4032749999216,0.961981060367944,0.006229999999999999,0.00044384682042344274,0.000198494332412792,0.051473841830797604,0.04820262547032184,0.02155686944912048,10,5,0.001995704,0.00019497117089457104,8.719375835459786e-05,0.029100000000000004,0.0020591260281974,0.0009208691546577069,0.027440000000000003,0.0019308029417835473,0.0008634813257969162,18402.922033704883,195.5495271906469,87.45240715324599,4071.1460914804193,230.43280491543322,103.05268320737127,0.5489010005046,0.961981060367944,0.008919999999999999,0.0004969909455915673,0.00022226110770892876,5,5,,,,,,,,,,,,,,,,0.0,0.961981060367944,,,,-2.6622316060571727,0.022839008515986962,0.010213915116088688,0,5,0.0,0.0,0.0,0.24266000000000001,0.005937002610745591,0.0026551082840441725,0.23856000000000002,0.012501519907595241,0.005590849667089969,18549.2262370913,168.2983761513342,75.26532191544254,0.0,0.0,0.0,0.5446016255006001,0.961981060367944,0.007540000000000001,0.0003577708763999661,0.00015999999999999988,5,5,,,,,,,,,,,,,,,,0.0,0.961981060367944,,,,-1.4633924561961178,0.007681343443330995,0.0034352012195620818,0,5
72000,20260805,0.0034920427999999997,2.7162018209257055e-05,1.2147223824397175e-05,0.015639999999999998,0.0005832666628567076,0.00026084478143140996,0.016447999999999997,0.0013369816752670923,0.0005979163821137535,93474.61478304517,198.11923076770103,88.60161352930946,27317.13589162198,868.6124027582249,388.45527573336335,0.11856999991419999,0.9636921945229899,0.011864,0.0004189033301371562,0.0001873392644375435,25,5,0.0011595495000000001,3.118049622760993e-05,1.394434182742231e-05,0.029970000000000004,0.0012373611033162479,0.0005533647079458542,0.03026,0.001244186481199663,0.0005564171097297421,48458.262968014475,262.3054202950612,117.30655012928194,9941.04627259206,322.8486288048324,144.38229609004037,0.2155699998366,0.9636921945229899,0.005615,0.00022817208418209292,0.00010204165815979285,20,5,0.00224519,0.00010740034310932147,4.8030893599848786e-05,0.00015000000000000001,0.00014577379737113253,6.519202405202649e-05,4e-05,8.94427190999916e-05,4e-05,24369.38488062037,146.5447340880278,65.53679743309216,8475.58714594414,399.3453144315141,178.59265391297865,0.4203199999182,0.9636921945229899,0.006415,0.00030444621856741806,0.0001361524880419011,0.9830157098974304,0.023424560490322998,0.010475781919883605,10,5,0.0,0.0,0.0,0.24027600000000002,0.001282138838035879,0.0005733899196881636,0.240384,0.0019842580477347107,0.0008873871759271672,93151.80362475236,702.1120812181231,313.9940682855153,0.0,0.0,0.0,0.11781999991480001,0.9636921945229899,0.011892000000000002,0.0006134492644057854,0.00027434285119171565,25,5,0.0,0.0,0.0,0.3261200000000001,0.001973423421367051,0.0008825417837133873,0.32639999999999997,0.006107569074517299,0.002731387925579232,69533.27196709273,616.058061495966,275.50954071834514,0.0,0.0,0.0,0.153819999886,0.9636921945229899,0.008979999999999998,0.00044474711915874185,0.00019889695824722915,25,5,0.0,0.0,0.0,0.00014,0.00013416407864998739,6e-05,0.00012000000000000002,0.00010954451150103323,4.898979485566356e-05,24341.59672637308,193.79846091024226,86.66930650602748,0.0,0.0,0.0,0.42131999991800007,0.9636921945229899,0.0061849999999999995,0.0006178592072632732,0.0002763150375929621,0.07593306962441422,0.05719100834959192,0.025576596474289115,10,5,0.001728186,0.00012264332994500762,5.484776454879451e-05,0.030100000000000005,0.0027138533490223826,0.001213672113875902,0.02864,0.0032814630883189902,0.0014675149062275317,17697.081301813032,191.0893379632211,85.45774989223872,3789.9517465224926,357.5509444656996,159.9016434489113,0.570597625523,0.9636921945229899,0.00804,0.0008414273587185054,0.00037629775444453565,5,5,,,,,,,,,,,,,,,,0.0,0.9636921945229899,,,,-2.6530817764505636,0.020604225539518867,0.009214489786020293,0,5,0.0,0.0,0.0,0.2432,0.003667424164178445,0.0016401219466856704,0.24432,0.004983171680767172,0.0022285421243494552,17643.458783359394,205.25029493512048,91.79072237536204,0.0,0.0,0.0,0.5723231755245999,0.9636921945229899,0.0077,0.0004690415759823429,0.00020976176963403027,5,5,,,,,,,,,,,,,,,,0.0,0.9636921945229899,,,,-1.4783999458557895,0.025211698513817302,0.011275014341025182,0,5
73000,20260805,0.0035111784,0.0001230595013918065,5.503388207786186e-05,0.0153,0.0005089204259999769,0.00022759613353481994,0.014960000000000001,0.0012419339757008005,0.0005554097586467124,89433.36329693686,528.0051636790171,236.13108769143702,27059.39706734459,806.5895369306703,360.71780690341114,0.1221149999114,0.9653263149547469,0.011496000000000001,0.00013885243966167782,6.20966987850399e-05,25,5,0.0011082025000000001,7.08716826604603e-05,3.1694780021716473e-05,0.030764999999999997,0.0004916807907575793,0.00021988633427295952,0.031259999999999996,0.001344618905117729,0.0006013318551349163,46371.321738628336,319.06681569663766,142.69101785241574,9227.230888053833,380.81281726810306,170.30466922293684,0.2268649998276,0.9653263149547469,0.005550000000000001,0.0002920830361386983,0.00013062350477613142,20,5,0.002041587,0.00023266150806617108,0.00010404938955671483,6.000000000000001e-05,6.519202405202649e-05,2.9154759474226502e-05,8e-05,0.00010954451150103323,4.898979485566356e-05,23238.00697292954,133.38346373735584,59.65089839822116,7796.602737537946,538.954442436079,241.027754012514,0.44136499991399997,0.9653263149547469,0.006045,0.0004654970461775242,0.00020817660771566053,0.967670162606224,0.031569645889056745,0.014118374846705533,10,5,0.0,0.0,0.0,0.24119600000000002,0.001747478182982557,0.0007814960012693628,0.241472,0.004292728735897487,0.0019197666524867045,89175.28858607516,510.9549127038627,228.50598364866156,0.0,0.0,0.0,0.1236149999102,0.9653263149547469,0.011348,0.0005489262245511681,0.00024548727054574517,25,5,0.0,0.0,0.0,0.32606399999999996,0.0034128111579751954,0.001526255548720462,0.327616,0.004370958704906729,0.0019547521582031777,66253.89621862114,349.2369256092167,156.18350118304915,0.0,0.0,0.0,0.1606149998806,0.9653263149547469,0.008383999999999999,9.528903399657335e-05,4.26145515053253e-05,25,5,0.0,0.0,0.0,0.00015999999999999999,9.617692030835674e-05,4.301162633521314e-05,8e-05,0.00010954451150103323,4.898979485566356e-05,23209.260201042558,173.20761748161271,77.4608013819334,0.0,0.0,0.0,0.4403649999142,0.9653263149547469,0.0059250000000000014,7.5e-05,3.354101966249684e-05,0.08039393295426585,0.10432966478034089,0.046657644503721576,10,5,0.0015361679999999999,0.0002462315640205373,0.00011011810307120255,0.0305,0.0013285330255586429,0.0005941380311005181,0.03048,0.004950959502965058,0.002214136400495688,16840.411416091847,161.62391479374915,72.28041205369139,3426.596700085561,504.39327775577783,225.57153129117034,0.5993530505478001,0.9653263149547469,0.0075,0.0007713624310270758,0.00034496376621320687,5,5,,,,,,,,,,,,,,,,0.0,0.9653263149547469,,,,-2.6478300570626003,0.018450281118115017,0.0082512165568172,0,5,0.0,0.0,0.0,0.23680000000000004,0.004935078520145345,0.0022070342090688114,0.23879999999999998,0.004578209256903837,0.0020474374227311557,16791.851557863938,183.7364700369448,82.16944738969238,0.0,0.0,0.0,0.6010844005493999,0.9653263149547469,0.00736,0.0009710818709048174,0.00043428101501216936,5,5,,,,,,,,,,,,,,,,0.0,0.9653263149547469,,,,-1.469741401517021,0.018921967332900858,0.00846216104487934,0,5
74000,20260805,0.0032251612,0.00025196772890431816,0.0001126833939932588,0.015411999999999999,0.0005908637744861343,0.0002642423130386204,0.015584,0.001337938713095634,0.0005983443824420852,85399.78708293803,129.74946805974122,58.02572612520382,25510.481993723617,774.0093348837058,346.1474976038731,0.1286599999062,0.9668868878517409,0.010708000000000002,0.0005930598620712747,0.00026522443326360386,25,5,0.0011735934999999999,9.443150663642401e-05,4.2231053611353315e-05,0.030154999999999998,0.0008972875793189164,0.0004012792045446663,0.0303,0.0012389511693363857,0.0005540758070878023,44191.73955738257,254.20167804598108,113.68244642106592,9057.764079447108,312.74391326429094,139.86332992165052,0.2374099998192,0.9668868878517409,0.00571,0.00041668333300001303,0.0001863464515358421,20,5,0.0018898785000000002,0.0001031493356074095,4.6129785250421434e-05,0.00015000000000000001,6.123724356957946e-05,2.7386127875258307e-05,0.0002,0.0001414213562373095,6.324555320336759e-05,22203.907641822552,126.39864292847176,56.52719157035718,7646.621707177788,506.6967831876669,226.60169023761912,0.45940999991039994,0.9668868878517409,0.005470000000000001,0.0004151054083001089,0.0001856407821573698,0.981828722002635,0.033130303899800456,0.014816322327036039,10,5,0.0,0.0,0.0,0.24119600000000002,0.0015183148553577358,0.0006790110455655316,0.241216,0.0036086119215011157,0.0016138203121785258,85399.27673387699,550.4480019238016,246.16783007611107,0.0,0.0,0.0,0.12840999990639998,0.9668868878517409,0.010964,0.0003201249755954695,0.0001431642413453862,25,5,0.0,0.0,0.0,0.324676,0.0014433571976471783,0.000645488961950538,0.32435200000000003,0.005176129828356328,0.002314835631313813,63529.5584629634,457.2802499867482,204.50194474769324,0.0,0.0,0.0,0.1684099998744,0.9668868878517409,0.008044,0.0005034679731621461,0.00022515772249691966,25,5,0.0,0.0,0.0,0.00016,8.944271909999158e-05,3.9999999999999996e-05,0.0002,0.00024494897427831784,0.00010954451150103323,22107.70447893171,206.69781819981648,92.43807445913657,0.0,0.0,0.0,0.46340999990959997,0.9668868878517409,0.005495,0.00014832396974191303,6.63324958071079e-05,0.01907051282051282,0.028580058293925067,0.012781390629224622,10,5,0.0014747159999999998,0.0002318136830085747,0.00010367023066435219,0.028720000000000002,0.0016452963258939105,0.0007357988855658862,0.028560000000000002,0.0035507745633875437,0.0015879546593023366,16149.212912477562,190.98334750830244,85.41034951980586,3469.085539083513,353.2401163542247,157.97378250959633,0.6248139755694,0.9668868878517409,0.0068000000000000005,0.0007905694150420945,0.0003535533905932736,5,5,,,,,,,,,,,,,,,,0.0,0.9668868878517409,,,,-2.640971395510534,0.015616622712020358,0.006983965992608928,0,5,0.0,0.0,0.0,0.2393,0.001394632568098137,0.0006236986451805078,0.236,0.00793977329651168,0.003550774563387542,15903.120981757176,143.62548011166933,64.23126736614734,0.0,0.0,0.0,0.6343683005782,0.9668868878517409,0.007299999999999999,0.0008276472678623423,0.00037013511046643483,5,5,,,,,,,,,,,,,,,,0.0,0.9668868878517409,,,,-1.4608239862709913,0.016243360435768052,0.007264251623481594,0,5
75000,20260805,0.0030755344,0.0002146882913500407,9.601152268639422e-05,0.015444,0.0009169950926804353,0.0004100926724534346,0.015856000000000002,0.001990698369919461,0.0008902673755675874,81373.78888297886,254.30271788649665,113.72763281143163,24149.412700691573,1130.5529418664305,505.5986460351413,0.1324549999032,0.9683772233983163,0.010272,0.00047929114325219934,0.00021434551546510147,25,5,0.0011160435,0.00011337966051060475,5.070492563351214e-05,0.030154999999999998,0.0007321628917119463,0.0003274331992941459,0.031079999999999997,0.0009731392500562317,0.00043520110293978004,42333.83058544297,31.586038764252766,14.125705963362527,8487.054311331103,256.91086635508185,114.89403226566532,0.24795499981080002,0.9683772233983163,0.005529999999999999,0.00047381430961928526,0.00021189620100417085,20,5,0.001973745,0.00014813431559314663,6.624767989333658e-05,8.000000000000002e-05,6.708203932499368e-05,2.9999999999999994e-05,0.00012000000000000002,0.00010954451150103323,4.898979485566356e-05,21126.88402856346,255.66370650257684,114.33628542386336,7536.142449827271,162.11166251510406,72.49853946585543,0.4834549999056,0.9683772233983163,0.005505,0.0004036551746230933,0.00018052008198535694,0.9976470588235294,0.005261336417646545,0.00235294117647058,10,5,0.0,0.0,0.0,0.24086399999999997,0.0016083158893699758,0.0007192607315848594,0.23817600000000003,0.002723174617978058,0.0012178407120801917,81516.78211062397,354.3767264927024,158.48209001630664,0.0,0.0,0.0,0.1329549999028,0.9683772233983163,0.00998,0.0003056141357987223,0.000136674796506159,25,5,0.0,0.0,0.0,0.32598800000000006,0.002910724995598181,0.0013017157907930618,0.3268000000000001,0.0030162228034413974,0.0013488958447559901,60657.09397949929,234.52542618732502,104.88295908139361,0.0,0.0,0.0,0.17695499986760002,0.9683772233983163,0.007732,0.0005661448577881813,0.0002531876774252649,25,5,0.0,0.0,0.0,0.00013000000000000002,9.082951062292476e-05,4.06201920231798e-05,0.0002,0.0001414213562373095,6.324555320336759e-05,21193.606686284904,126.66232428085667,56.64511345602353,0.0,0.0,0.0,0.4834549999056,0.9683772233983163,0.005455000000000001,0.00023008150729687078,0.00010289557813628339,0.03966457362043101,0.036362809013708836,0.01626194256149901,10,5,0.001512694,0.0001420394972534047,6.352199426970151e-05,0.029160000000000002,0.0014258330898110061,0.0006376519426771945,0.027840000000000004,0.0020317480158720466,0.0009086253353280436,15199.213845514765,124.10762196589701,55.50261584831836,3330.428781606126,186.13159925101635,83.2405817372043,0.663503625603,0.9683772233983163,0.006839999999999999,0.0004219004621945799,0.00018867962264113212,5,5,,,,,,,,,,,,,,,,0.0,0.9683772233983163,,,,-2.6391229264832594,0.04122030980693871,0.018434282956383236,0,5,0.0,0.0,0.0,0.2414,0.005517245689653479,0.0024673872821265774,0.23792,0.014258751698518353,0.006376707614435525,15280.288275297808,133.84280416134894,59.856321680793585,0.0,0.0,0.0,0.6600177255998,0.9683772233983163,0.00716,0.0012381437719424994,0.0005537147279962851,5,5,,,,,,,,,,,,,,,,0.0,0.9683772233983163,,,,-1.4733171657588848,0.02384074027429264,0.010661903177447064,0,5
76000,20260805,0.0030401499999999997,0.0001184980605157735,5.299394370303066e-05,0.015663999999999997,0.0005843629009442675,0.0002613350340080716,0.016016000000000002,0.0007785114000449845,0.00034816088235182363,77721.92398499389,115.08457769496607,51.467387777560035,22992.08203569753,412.3188273956416,184.39458529193143,0.1399999998972,0.96980048279598,0.010204000000000001,0.0003750733261643645,0.0001677378907700939,25,5,0.0010369526666666666,8.882708975557207e-05,3.972468218738686e-05,0.030533333333333336,0.0011544599507032627,0.0005162901854147103,0.030720000000000004,0.0024560130292814,0.0010983624174196783,40110.907126445156,86.85184659844887,38.84132659310311,8095.705429766691,594.430010808821,265.83718240689166,0.2597499998014,0.96980048279598,0.005086666666666667,0.00016766368453278996,7.498147919467968e-05,20,5,0.001860314,0.00010952418726301974,4.898070558010575e-05,9e-05,6.519202405202649e-05,2.9154759474226502e-05,4e-05,8.94427190999916e-05,4e-05,20204.878266232226,85.2081228927083,38.106231004650354,7030.030109101778,406.3682366923985,181.73340022818547,0.5034999999016,0.96980048279598,0.00532,0.0002780512542679854,0.00012434830115445877,0.9849193348225367,0.02720315123855805,0.01216561907432468,10,5,0.0,0.0,0.0,0.24082399999999998,0.0029167927591791736,0.0013044293771607611,0.24144000000000002,0.0038855630222658943,0.0017376766097292136,77887.38019082935,321.67036989877795,143.85536268823392,0.0,0.0,0.0,0.1407499998966,0.96980048279598,0.009640000000000001,0.00042213741838410855,0.00018878559267062722,25,5,0.0,0.0,0.0,0.32488799999999995,0.001039865375902117,0.000465041933593101,0.32241600000000004,0.003519272652125695,0.0015738665763018046,57888.717462818066,262.4576302919638,117.37462050926781,0.0,0.0,0.0,0.1829999998628,0.96980048279598,0.007452,0.00035793854221081024,0.0001600749824301099,25,5,0.0,0.0,0.0,0.00011999999999999999,6.708203932499369e-05,3e-05,0.00012000000000000002,0.00017888543819998315,7.999999999999999e-05,20289.459466156368,146.87945298084324,65.68648827262992,0.0,0.0,0.0,0.5034999999016,0.96980048279598,0.00521,0.0003165240907103284,0.0001415538766689208,0.050737956001113894,0.08706719017431053,0.038937631167932016,10,5,0.001240724,9.462020677424037e-05,4.231544287845751e-05,0.030580000000000003,0.001989220953036641,0.0008896066546513691,0.03216,0.003715911731997948,0.0016618062462272784,14569.569070988402,92.80093246364844,41.50183867281699,2817.6942610603332,303.69574446647505,135.81686582088875,0.6919443756270001,0.96980048279598,0.0064199999999999995,0.0007823042886243177,0.00034985711369071794,5,5,,,,,,,,,,,,,,,,0.0,0.96980048279598,,,,-2.654580682557942,0.029760302739782626,0.013309211991425436,0,5,0.0,0.0,0.0,0.24206000000000003,0.0031381523226255217,0.0014034243834279035,0.24455999999999997,0.009053618061305656,0.004048901085479861,14459.60481742264,136.00679566757776,60.82408810292555,0.0,0.0,0.0,0.6971906256317999,0.96980048279598,0.006480000000000001,0.001186170308176697,0.0005304714883949937,5,5,,,,,,,,,,,,,,,,0.0,0.96980048279598,,,,-1.442328716646135,0.035790458580893976,0.016005979666553916,0,5
77000,20260805,0.0028255956,0.00012530701256035137,5.6038999628473125e-05,0.015860000000000003,0.00018761663039293692,8.3904707853612e-05,0.015839999999999996,0.0007222188034107117,0.00032298606781098164,74279.25696138373,229.45237620055724,102.61422215666018,22079.763057684475,383.18794849714794,171.36686019966223,0.145294999893,0.971159684968734,0.00944,0.00030822070014844866,0.00013784048752090214,25,5,0.0009922646666666666,7.875783317655877e-05,3.522157374867472e-05,0.030320000000000003,0.00136495828182077,0.0006104279009205113,0.03037333333333333,0.002363425009975521,0.0010569557964056767,38360.34186466492,287.24378984166316,128.45932804012446,7838.530228460126,525.4888647651748,235.00576460682495,0.2697949997934,0.971159684968734,0.004833333333333333,0.0005617433182117569,0.0002512192490855568,15,5,0.0017966969999999999,0.00021645618556650218,9.680214901540154e-05,0.00016,0.0001140175425099138,5.099019513592785e-05,0.00016,0.00021908902300206645,9.797958971132712e-05,19271.695030231273,248.80811158237572,111.27037017030896,6696.703547949721,422.1200231370129,188.77781327962896,0.5245449998974,0.971159684968734,0.0051400000000000005,0.0007773351915358009,0.00034763486591537395,0.9894736842105264,0.023537557657892547,0.010526315789473694,5,5,0.0,0.0,0.0,0.24248000000000003,0.00153974023783234,0.0006885927678969611,0.24233599999999997,0.0027790070169036855,0.0012428097199491095,74243.33140601686,300.6633695738046,134.4607465422338,0.0,0.0,0.0,0.1450449998932,0.971159684968734,0.009691999999999997,0.0002883053936366776,0.00012893409169028927,25,5,0.0,0.0,0.0,0.32668800000000003,0.0024389177927925327,0.00109071719524357,0.327264,0.004490487724067383,0.0020082071606285974,55188.60205501372,253.43910278149082,113.3414123951939,0.0,0.0,0.0,0.1912949998562,0.971159684968734,0.0072120000000000005,0.0002823473038652927,0.0001262695529413167,25,5,0.0,0.0,0.0,0.00014000000000000001,0.000151657508881031,6.782329983125267e-05,8e-05,0.0001788854381999832,8e-05,19087.74414621513,244.0842098095487,109.15777707369438,0.0,0.0,0.0,0.5295449998964001,0.971159684968734,0.004690000000000001,0.0007436396977031283,0.0003325657829663178,0.02702702702702703,0.06043426966215648,0.02702702702702703,5,5,0.001390048,0.00018694482841202106,8.360426887426262e-05,0.030780000000000002,0.001439444337235727,0.0006437390775772434,0.03,0.0032124756808418016,0.0014366627996854375,13852.25156939735,177.08938444893712,79.19678034428351,2858.2960244838955,275.2490767698336,123.09512928028123,0.7275773256574001,0.971159684968734,0.0067,0.0008573214099741125,0.0003834057902536163,5,5,,,,,,,,,,,,,,,,0.0,0.971159684968734,,,,-2.6515272008412305,0.01930156639380593,0.008631922905755107,0,5,0.0,0.0,0.0,0.24008000000000002,0.0012316655390161681,0.0005508175741568142,0.23879999999999998,0.003655133376499417,0.0016346253393362056,13851.819111420695,153.17245850316704,68.50080589876943,0.0,0.0,0.0,0.7275773256574001,0.971159684968734,0.00578,0.0005974947698515863,0.0002672077843177478,5,5,,,,,,,,,,,,,,,,0.0,0.971159684968734,,,,-1.4434106147695391,0.03426750524219888,0.015324894228177418,0,5
78000,20260805,0.0027459183999999997,5.201825620683551e-05,2.326327138989691e-05,0.015276000000000001,0.0006848941524060483,0.00030629397643440503,0.015487999999999998,0.0007388639928972042,0.00033043002284901407,71185.8735720835,268.19337285532913,119.93972256389256,21298.567028979025,394.67425498477786,176.5036926230097,0.1518399998878,0.9724577129666183,0.009104000000000001,0.00020069877926883332,8.975522268926736e-05,25,5,0.0009743773333333334,7.29798381366007e-05,3.263757581207415e-05,0.030500000000000006,0.0012103718436910218,0.000541294744108975,0.03069333333333333,0.0022752777608215,0.0010175351481780763,36512.84956750208,87.24570036041926,39.01746335009507,7392.73462647787,501.88429674667304,224.4494808730475,0.2823399997834,0.9724577129666183,0.0047733333333333326,0.0001754359648925434,7.845734863959873e-05,15,5,0.0016180410000000002,0.00019739321519495045,8.827692949463073e-05,0.00024000000000000003,0.00016733200530681512,7.483314773547883e-05,0.00016,0.0003577708763999664,0.00016,18383.064272322845,92.71643103921163,41.46404848696973,6528.363273238655,76.9548410258109,34.41525114628056,0.5495899998924,0.9724577129666183,0.00451,0.0005481788029466298,0.00024515301344262523,1.0,0.0,0.0,5,5,0.0,0.0,0.0,0.24284399999999998,0.0018997578793098773,0.0008495975517855453,0.24152,0.0029037906260610466,0.0012986146464598345,71285.24613545423,113.99140896761924,50.978507860515144,0.0,0.0,0.0,0.15133999988820002,0.9724577129666183,0.009203999999999999,0.00017854971296532565,7.984985911070873e-05,25,5,0.0,0.0,0.0,0.3254,0.002494473892427005,0.0011155626383130563,0.32540800000000003,0.002147817496902369,0.0009605331852674281,52910.857775328404,211.3541908889123,94.52046763141492,0.0,0.0,0.0,0.19983999984939999,0.9724577129666183,0.006916,0.00047315959252666495,0.00021160340261914485,25,5,0.0,0.0,0.0,0.0001,0.0001224744871391589,5.47722557505166e-05,8e-05,0.0001788854381999832,8e-05,18185.99489595669,295.6393488080403,132.2139361517099,0.0,0.0,0.0,0.5555899998912,0.9724577129666183,0.0045899999999999995,0.00048270073544588667,0.00021587033144922896,0.10078020604336393,0.13425057501061843,0.06003868234843547,5,5,0.001148414,0.00023054765880398784,0.00010310404742782894,0.030940000000000002,0.0018487833837418596,0.0008268010643437755,0.03144,0.0029610808837314795,0.0013242356285797477,13257.25752237505,42.31526221252523,18.92396055858691,2621.745453781351,233.3740094923047,104.3680298812949,0.7599099756846,0.9724577129666183,0.00574,0.0008203657720797472,0.00036687872655688275,5,5,,,,,,,,,,,,,,,,0.0,0.9724577129666183,,,,-2.66834220071714,0.01829541577637055,0.008181958670517327,0,5,0.0,0.0,0.0,0.24054000000000003,0.005597142127907785,0.002503118055545926,0.242,0.012092973166264785,0.005408142009969785,13242.520759000088,116.35433686158353,52.03524133988206,0.0,0.0,0.0,0.7607901506854,0.9724577129666183,0.005959999999999999,0.00039749213828703595,0.00017776388834631182,5,5,,,,,,,,,,,,,,,,0.0,0.9724577129666183,,,,-1.488882723040844,0.04643668951196297,0.020767118879760144,0,5
79000,20260805,0.0026342600000000002,0.0001317401222938553,5.8915973762639195e-05,0.015728,0.0005131471523841869,0.00022948638303829704,0.014784,0.0007785114000449842,0.00034816088235182347,67851.00303716092,373.2447064434899,166.92010716991945,20642.80763770236,391.99074127638306,175.30358880890503,0.1588849998822,0.973697320081046,0.008592,0.00029072323608545696,0.00013001538370516032,25,5,0.0009635566666666666,9.868600902750994e-05,4.413372492273402e-05,0.030699999999999998,0.0014031710119899448,0.0006275171533733378,0.029306666666666665,0.0019122993721927763,0.0008552062779106437,34991.33495581233,92.3564336530252,41.303052761522714,7372.227679786233,391.54455927229907,175.10405015061124,0.2956349997728,0.973697320081046,0.004533333333333332,0.00023213980461973553,0.00010381607668264966,15,5,0.0014722180000000002,0.0001350247862708917,6.038492014981884e-05,0.0002,0.00012247448713915892,5.4772255750516614e-05,0.00016,0.00021908902300206645,9.797958971132712e-05,17451.86848673135,83.26247607446004,37.2361112954885,6030.675334261529,330.9553562883111,148.00773483566522,0.5786349998865999,0.973697320081046,0.00422,0.0003193743884534261,0.00014282856857085694,0.9878787878787879,0.027103854272724697,0.012121212121212109,5,5,0.0,0.0,0.0,0.24028400000000003,0.0019444485079322682,0.0008695838084969181,0.241344,0.004215172594331092,0.0018850824915636931,67798.87387794224,104.84038129711175,46.886043873467884,0.0,0.0,0.0,0.15863499988239999,0.973697320081046,0.008588,0.0001814386948806676,8.114185110040317e-05,25,5,0.0,0.0,0.0,0.326504,0.0009000444433471407,0.00040251211161903297,0.32735200000000003,0.0046293325652841414,0.0020703004612857645,50612.82569122073,328.68857634938314,146.99400002897008,0.0,0.0,0.0,0.2096349998416,0.973697320081046,0.006647999999999999,0.0005378847460190706,0.00024054937123177024,25,5,0.0,0.0,0.0,0.00026000000000000003,0.00013416407864998739,6e-05,0.00016,0.00021908902300206645,9.797958971132712e-05,17361.182290689518,106.56877209823374,47.6590037380667,0.0,0.0,0.0,0.581634999886,0.973697320081046,0.004430000000000001,0.0004280770958600798,0.00019144189719076644,0.11454469443599877,0.08802615614420872,0.039366493787292296,5,5,0.0012250899999999999,0.00010617068710336202,4.748097471619554e-05,0.030119999999999997,0.0018939376969689362,0.0008469946871143877,0.03048,0.002889982698910151,0.001292439553712281,12514.616891916463,169.6160781286973,75.85461615453649,2546.5494369536327,203.53777610226305,91.02486067075847,0.804802875723,0.973697320081046,0.005980000000000001,0.0002863564212655271,0.00012806248474865698,5,5,,,,,,,,,,,,,,,,0.0,0.973697320081046,,,,-2.655162049762869,0.02347494938576929,0.010498316518989413,0,5,0.0,0.0,0.0,0.24102,0.0063676526287164935,0.0028477008269830618,0.23752,0.011615162504244186,0.005194458585839338,12610.726233327247,80.18518165402067,35.859903393311846,0.0,0.0,0.0,0.7986213507174,0.973697320081046,0.00616,0.0008294576541331088,0.0003709447398198281,5,5,,,,,,,,,,,,,,,,0.0,0.973697320081046,,,,-1.4810971201208913,0.014793950507228336,0.006616055797986011,0,5
80000,20260805,0.0024985187999999998,0.00024019301988858853,0.00010741758403836858,0.01566,0.00028705400188814694,0.0001283744522870499,0.015455999999999998,0.0013768369547626188,0.0006157402049566037,65047.760771009045,295.9522485364298,132.35386916427393,19514.01424687489,674.40857728616,301.6046846841549,0.1659299998766,0.9748811356849043,0.00828,0.000697280431390413,0.0003118332887938683,25,5,0.0009338559999999999,0.00012714207482620029,5.685966442234972e-05,0.030220000000000004,0.0009468075012611842,0.0004234251868853451,0.029253333333333333,0.0018609436077192437,0.0008322392818307863,33418.588657033855,175.77323079376154,78.60817853592202,7056.650118887133,373.50649851689747,167.0371841443414,0.3074299997634,0.9748811356849043,0.004386666666666666,0.0003812260921465543,0.00017048949136725883,15,5,0.001406975,0.00019621198198632015,8.77486659442752e-05,0.00012000000000000002,0.00013038404810405298,5.8309518948453004e-05,0.00024000000000000003,0.00035777087639996636,0.00015999999999999999,16863.512842806806,161.74669261459016,72.33531996439736,5684.876597001104,622.7069627853003,278.48301977007264,0.5986799998825999,0.9748811356849043,0.00413,0.0002949576240750525,0.00013190905958272917,0.9777777777777779,0.04969039949999535,0.02222222222222223,5,5,0.0,0.0,0.0,0.242,0.0012461942063739376,0.0005573149917237053,0.238912,0.001306721087302102,0.0005843834357679874,65024.68411431174,340.7230820848325,152.37599460898525,0.0,0.0,0.0,0.1651799998772,0.9748811356849043,0.008288,0.000697796531948963,0.00031206409598029703,25,5,0.0,0.0,0.0,0.32577,0.00248277818179555,0.001110332157509636,0.3249,0.007023531875061155,0.0031410189429546603,47974.960766545744,212.72980453448898,95.13566075587207,0.0,0.0,0.0,0.2201799998332,0.9748811356849043,0.0059499999999999996,0.0007178527007680619,0.00032103348734984036,20,5,0.0,0.0,0.0,0.0002,7.071067811865474e-05,3.162277660168379e-05,0.0,0.0,0.0,16865.450753283796,259.68512746775406,116.13471955271918,0.0,0.0,0.0,0.5986799998826,0.9748811356849043,0.0043,0.0004486089611231591,0.00020062402647738883,0.08827586206896551,0.12175881112105344,0.05445219570524657,5,5,0.0010582319999999999,0.00015984284819784716,7.14838948575132e-05,0.03168,0.0012755391017134675,0.0005704384278780664,0.031920000000000004,0.003077661449867416,0.0013763720427268206,11944.318939254463,77.81508802862146,34.79996530142554,2330.310674128532,212.8205408238705,95.1762392580887,0.8428863757549999,0.9748811356849043,0.005399999999999999,0.0007968688725254614,0.00035637059362410924,5,5,,,,,,,,,,,,,,,,0.0,0.9748811356849043,,,,-2.6660258242437416,0.02642022836041531,0.011815485318991289,0,5,0.0,0.0,0.0,0.24175999999999997,0.005290841142956377,0.002366136090760628,0.23944000000000001,0.008843528707478702,0.003954946270178646,12021.24713956713,123.58866584696162,55.270531616462556,0.0,0.0,0.0,0.8375705257502,0.9748811356849043,0.0051400000000000005,0.0009396807968666807,0.0004202380277890139,5,5,,,,,,,,,,,,,,,,0.0,0.9748811356849043,,,,-1.4616120653013749,0.026291138383857663,0.011757754526431938,0,5
81000,20260805,0.0024453884000000003,8.108997064249065e-05,3.626453733001428e-05,0.01576,0.0004764451699828629,0.00021307275752662473,0.015487999999999998,0.00122976420504095,0.0005499672717535108,61955.89973086965,328.85799451900124,147.069766137748,18561.055774701534,548.7126178811604,245.39174273882827,0.17247499987139997,0.9760116708098051,0.008116,0.0002710719461692782,0.00012122705968553394,25,5,0.000806316,6.482299323713942e-05,2.8989723876650577e-05,0.030133333333333335,0.0007348469228349528,0.0003286335345030994,0.031226666666666663,0.002049173275033401,0.0009164181481301115,31884.665248223504,227.00197614857888,101.51836993900164,6365.038095486501,422.4361395556379,188.91918483979882,0.32297499975099997,0.9760116708098051,0.00402,0.0001425949975747162,6.377042156569661e-05,15,5,0.001336906,0.00021246368084922184,9.501664662573606e-05,0.0001,0.0001414213562373095,6.324555320336759e-05,8e-05,0.0001788854381999832,8e-05,16050.76250735162,146.54750165776468,65.53803512790499,5341.927352230893,541.2166543511231,242.0394459368237,0.6287249998766,0.9760116708098051,0.00397,0.00035986108430893153,0.00016093476939431077,0.9704301075268816,0.04103316538299397,0.018350589425673143,5,5,0.0,0.0,0.0,0.24348,0.0020288913228657685,0.0009073477833774663,0.24192,0.002689832708552712,0.0012029297568852486,61950.8181126869,291.46124368123236,130.3454307355733,0.0,0.0,0.0,0.1714749998722,0.9760116708098051,0.007936,0.00046052144358324986,0.0002059514505896962,25,5,0.0,0.0,0.0,0.327175,0.003307803274077817,0.0014792945954068732,0.32782,0.0032874001885988997,0.0014701700581905537,45799.107877639486,265.33331705802857,118.66066672745127,0.0,0.0,0.0,0.2282249998268,0.9760116708098051,0.005785,0.00042887935366487425,0.00019180067778816647,20,5,0.0,0.0,0.0,0.00017999999999999998,0.00017888543819998318,7.999999999999999e-05,0.00016,0.00021908902300206645,9.797958971132712e-05,16127.927554244267,108.58703839830928,48.56159986679988,0.0,0.0,0.0,0.6257249998772,0.9760116708098051,0.00431,0.00020432816741702538,9.137833441248527e-05,0.18465608465608466,0.17610386036912495,0.07875604057709892,5,5,0.001063416,0.0001585629189943222,7.09114931164194e-05,0.0301,0.002068816086557721,0.0009252026804976305,0.02928,0.0032912003889158737,0.0014718695594379276,11410.906898137828,119.35988393115525,53.379362851309594,2408.8975154488508,251.36830752852978,112.41532460457294,0.8820907507878,0.9760116708098051,0.00504,0.0008264381404557752,0.0003695943722515265,5,5,,,,,,,,,,,,,,,,0.0,0.9760116708098051,,,,-2.660706912994022,0.021361955118600368,0.009553356755498,0,5,0.0,0.0,0.0,0.24016,0.003914460371494387,0.001750599897178106,0.24303999999999998,0.005896439603693061,0.002636967955815921,11446.838446026744,174.16333642329002,77.8882118861283,0.0,0.0,0.0,0.8794241257853999,0.9760116708098051,0.0055,0.001106797181058933,0.0004949747468305833,5,5,,,,,,,,,,,,,,,,0.0,0.9760116708098051,,,,-1.4269095508748508,0.039410116173131206,0.017624739752857048,0,5
82000,20260805,0.0021777012,6.658082340434063e-05,2.9775849426002923e-05,0.015732000000000003,0.00041414973137743295,0.00018521339044464354,0.015711999999999997,0.0006134492644057855,0.0002743428511917157,59301.48745307398,244.81440143507405,109.48432869594951,17691.87005801639,202.36380138565534,90.49984321671829,0.17876999986640002,0.9770913234723222,0.007256,0.0002601538006641461,0.00011634431657799212,25,5,0.0008823573333333334,9.6697869027422e-05,4.3244601684937416e-05,0.030446666666666667,0.0010996464078158123,0.0004917768238179224,0.02962666666666667,0.0025111307767174897,0.0011230118234264305,30461.222627541178,199.2029965204693,89.08628830828468,6366.974576493349,450.00803121828096,201.24970964498473,0.33926999973800004,0.9770913234723222,0.004200000000000001,0.0002285218200133681,0.0001021980647783726,15,5,0.0014405,0.00016871763378497215,7.545281962922257e-05,0.0001,7.071067811865475e-05,3.1622776601683795e-05,8e-05,0.0001788854381999832,8e-05,15197.116862396117,176.49627574943167,78.93153407025537,5182.649628371039,474.280290862342,212.1045941513138,0.6637699998696001,0.9770913234723222,0.00419,0.0003267261850540907,0.0001461163919620245,0.9818181818181818,0.0406557814090871,0.018181818181818188,5,5,0.0,0.0,0.0,0.240536,0.0009454522727245376,0.00042281911025874723,0.24128,0.003924487227651535,0.0017550840435717047,59237.65709437577,337.9784579064332,151.14856136186717,0.0,0.0,0.0,0.18001999986540002,0.9770913234723222,0.0074080000000000005,0.00042534691723345114,0.0001902209241907947,25,5,0.0,0.0,0.0,0.32631,0.0032609718643373652,0.0014583509522745142,0.32536000000000004,0.004300348823060757,0.0019231744590650136,43975.70826574702,257.86230655206225,115.31952925706011,0.0,0.0,0.0,0.23826999981879998,0.9770913234723222,0.005535,0.0003328851153175823,0.00014887074930959408,20,5,0.0,0.0,0.0,0.00022,0.00014832396974191324,6.633249580710799e-05,0.00024000000000000003,0.00021908902300206645,9.797958971132712e-05,15267.378809519569,210.64098148359923,94.20151068892048,0.0,0.0,0.0,0.6607699998701999,0.9770913234723222,0.00398,0.00025396850198400583,0.00011357816691600545,0.08615384615384616,0.09010184901136198,0.04029477185756552,5,5,0.0009229020000000001,0.0001786383744328189,7.988950972436869e-05,0.03149999999999999,0.0023248655875125336,0.0010397114984456023,0.029600000000000005,0.0033823069050575535,0.0015126136320951233,10824.070768789748,43.76182392947166,19.570882625135116,2263.9801401898876,230.8147736950584,103.22350483867618,0.9295589008278,0.9770913234723222,0.00444,0.0010261578825892243,0.0004589117562233507,5,5,,,,,,,,,,,,,,,,0.0,0.9770913234723222,,,,-2.6350691680237537,0.02326374996856065,0.01040386526825204,0,5,0.0,0.0,0.0,0.24192,0.001958826179118507,0.000876013698523032,0.23847999999999997,0.0052107581022342595,0.0023303218661807207,10772.973633504265,117.82269672522122,52.6919118339873,0.0,0.0,0.0,0.9340177758317999,0.9770913234723222,0.004919999999999999,0.0006685805860178712,0.00029899832775452103,5,5,,,,,,,,,,,,,,,,0.0,0.9770913234723222,,,,-1.441752759361467,0.03882657185902301,0.017363770802011166,0,5
83000,20260805,0.0022467752,0.00017856307648895394,7.985583546015909e-05,0.015692,0.0008297710527609424,0.00037108489594700635,0.016016,0.000558283082315772,0.00024967178454923534,56618.7314108492,382.8687018686494,171.22408876708016,16763.314114670175,249.06574377194224,111.38558678812154,0.18731499985959998,0.9781223837605045,0.00754,0.0006357672530100929,0.0002843237591197751,25,5,0.000767413,7.798868568580956e-05,3.4877600533867e-05,0.0313,0.0010043654713300341,0.0004491658936295145,0.03076,0.0026092144411680694,0.0011668761716651858,28998.44748972759,150.17405744436743,67.15988018051279,5852.370945292407,445.99188451482905,199.4536342376787,0.35531499972520003,0.9781223837605045,0.0038099999999999996,0.0004350287346831241,0.00019455076458343716,10,5,0.001307667,0.00017407158784534587,7.784718067470389e-05,0.00022,0.00013038404810405298,5.8309518948453004e-05,8e-05,0.0001788854381999832,8e-05,14639.637689935229,121.93568052541619,54.53129410750557,5186.341223371155,55.87675691105689,24.988845363070872,0.6888149998646,0.9781223837605045,0.00366,0.00048010415536631207,0.00021470910553583882,1.0,0.0,0.0,5,5,0.0,0.0,0.0,0.242728,0.0014718423828657726,0.0006582279240506278,0.242848,0.004053087711856232,0.0018125959284959231,56448.2508162588,240.43742468372758,107.52688518556015,0.0,0.0,0.0,0.1885649998586,0.9781223837605045,0.007372000000000001,0.00030152943471575046,0.0001348480626483006,25,5,0.0,0.0,0.0,0.324795,0.0019911836931835324,0.0008904844187294926,0.3215,0.006149390213671582,0.002750090907588323,41989.27011008241,81.30433802670116,36.36040533866498,0.0,0.0,0.0,0.24956499980980001,0.9781223837605045,0.005370000000000001,0.00018062391868188483,8.077747210701773e-05,20,5,0.0,0.0,0.0,8e-05,4.47213595499958e-05,2e-05,0.00016,0.00021908902300206645,9.797958971132712e-05,14619.47791073581,193.24090784918855,86.41996119691164,0.0,0.0,0.0,0.6898149998644,0.9781223837605045,0.00381,0.0005888548208174914,0.0002633438816452738,0.08676470588235294,0.10481488047767919,0.04687463956032126,5,5,0.0009995520000000001,0.00014045894478458825,6.281514971724578e-05,0.03026,0.0010922453936730516,0.0004884669896727924,0.028559999999999995,0.003232336616133907,0.0014455448799674119,10407.602587750309,79.42917979321116,35.52180908293457,2242.5180802860623,211.78271509935323,94.71210948432498,0.9665809508582,0.9781223837605045,0.004600000000000001,0.0003082207001484489,0.00013784048752090222,5,5,,,,,,,,,,,,,,,,0.0,0.9781223837605045,,,,-2.683008800262754,0.028678601437403854,0.01282546046273164,0,5,0.0,0.0,0.0,0.24092000000000002,0.004974133090298246,0.0022244999438075955,0.23744,0.008234561311933985,0.0036826077716748482,10236.136455931575,85.03679695818907,38.02961171747162,0.0,0.0,0.0,0.9826851008726001,0.9781223837605045,0.00456,0.0007127411872482185,0.00031874754901018457,5,5,,,,,,,,,,,,,,,,0.0,0.9781223837605045,,,,-1.4905198400847255,0.03715324251732663,0.01661543517065555,0,5
84000,20260805,0.0020742580000000003,9.512746982864619e-05,4.2542297812882625e-05,0.016048,0.0007705322835546886,0.0003445925129772854,0.015392,0.0010977795771465232,0.00049094195176212,54052.68717068748,297.22711816958986,132.92400819671315,16248.03016023619,402.32727367814834,179.9262266293003,0.19735999985159997,0.9791070386914595,0.006868000000000001,0.0003468717342188612,0.0001551257554373227,25,5,0.0007482279999999999,0.00011635574881586212,5.203587278503167e-05,0.030919999999999996,0.0010894952959971875,0.0004872371086031931,0.031079999999999997,0.003195622005181464,0.0014291256067959876,27816.497159542654,163.80402632511942,73.25538757022642,5556.434384966242,519.0202920719195,232.1129309549214,0.3696099997138,0.9791070386914595,0.00371,0.0004878524367060185,0.00021817424229271417,10,5,0.001148676,0.00014284759760843028,6.388338773499729e-05,0.00017999999999999998,0.00016431676725154983,7.348469228349533e-05,0.00032,0.00033466401061363023,0.00014966629547095766,13925.023230309496,53.028960543224564,23.715272110160857,4781.893909564511,287.4286183442433,128.54198585931422,0.7238599998576,0.9791070386914595,0.003320000000000001,0.000366742416417845,0.00016401219466856726,0.9885714285714287,0.025555062599997604,0.011428571428571432,5,5,0.0,0.0,0.0,0.242172,0.0009069288836507593,0.00040559092692021907,0.24443199999999998,0.0014495240598210017,0.0006482468665562462,54092.866383150584,234.9144616530088,105.05694103077906,0.0,0.0,0.0,0.19585999985279998,0.9791070386914595,0.006959999999999999,0.0003752332607858749,0.0001678094157072245,25,5,0.0,0.0,0.0,0.3254883333333333,0.0011613808830679031,0.0005193853204617132,0.32259333333333334,0.006523393799753834,0.0029173503960500447,40262.4691368302,273.91856684658313,122.50010715365602,0.0,0.0,0.0,0.2588599998024,0.9791070386914595,0.005303333333333333,0.00033174622161458866,0.00014836142056178606,19,5,0.0,0.0,0.0,0.00023999999999999998,8.944271909999158e-05,3.9999999999999996e-05,8e-05,0.0001788854381999832,8e-05,14003.293846565022,87.28138717803597,39.03342298011339,0.0,0.0,0.0,0.7198599998583999,0.9791070386914595,0.00351,0.0004916807907575808,0.0002198863342729602,0.02857142857142857,0.06388765649999399,0.02857142857142857,5,5,,,,,,,,,,,,,,,,0.0,0.9791070386914595,,,,0,0,,,,,,,,,,,,,,,,0.0,0.9791070386914595,,,,-2.658603005282908,0.034970805179511726,0.01563941952185799,0,5,,,,,,,,,,,,,,,,0.0,0.9791070386914595,,,,0,0,,,,,,,,,,,,,,,,0.0,0.9791070386914595,,,,-1.473975500490509,0.024637001636365053,0.011018002084137161,0,5
85000,20260805,0.0019014356,9.504727753491943e-05,4.25064347288737e-05,0.01568,0.00035805027579936284,0.00016012495120998463,0.016272,0.0012297642050409494,0.0005499672717535105,51684.51481152642,135.81736563171043,60.73937241548963,15220.570297118824,408.84167030589646,182.83955336770833,0.2041549998462,0.9800473768503112,0.006416,0.000339823483591114,0.00015197368193210303,25,5,0.000609815,7.993077833350559e-05,3.574613076963717e-05,0.03168,0.0008043631020876091,0.00035972211497209937,0.03112,0.002427344227751802,0.001085541339608952,26525.142203786534,207.83133544548613,92.9449987821337,5296.2890490399805,405.53671487498895,181.36153236648508,0.38665499970019995,0.9800473768503112,0.0030499999999999998,0.00047565743976101107,0.00021272047386182642,10,5,0.001182663,8.51169296174386e-05,3.806544813213157e-05,0.0002,0.00018708286933869707,8.366600265340754e-05,0.0,0.0,0.0,13420.425120720141,98.38080704951768,43.99723444880241,4758.46036970783,34.61679871265409,15.481103016984349,0.7509049998521998,0.9800473768503112,0.0033099999999999996,0.00023822258499143185,0.00010653637876331255,1.0,0.0,0.0,5,5,0.0,0.0,0.0,0.24248000000000003,0.0015547990223819894,0.000695327261079269,0.243424,0.004373886143922816,0.0019560613487311688,51552.366435152435,128.7558765509377,57.58137849409357,0.0,0.0,0.0,0.205654999845,0.9800473768503112,0.006608,0.0002722498852157705,0.00012175385004179556,25,5,0.0,0.0,0.0,0.3271466666666667,0.002013923754487467,0.0009006540833071145,0.32832,0.0059108938974292485,0.0026434321124880937,38063.08364765323,245.87876135520253,109.96032492273623,0.0,0.0,0.0,0.27440499979,0.9800473768503112,0.004706666666666666,0.0004342298418528551,0.00019419348884839344,15,5,0.0,0.0,0.0,0.00028,0.0002774887385102322,0.00012409673645990857,0.0004,0.0004898979485566356,0.0002190890230020664,13331.19897048212,114.82997908849849,51.353527819352394,0.0,0.0,0.0,0.7559049998512,0.9800473768503112,0.0033300000000000005,0.00037181984885156414,0.0001662828914831589,0.03076923076923077,0.06880209161537815,0.030769230769230767,5,5,,,,,,,,,,,,,,,,0.0,0.9800473768503112,,,,0,0,,,,,,,,,,,,,,,,0.0,0.9800473768503112,,,,-2.636679273482679,0.04456529542472828,0.019930206001410558,0,5,,,,,,,,,,,,,,,,0.0,0.9800473768503112,,,,0,0,,,,,,,,,,,,,,,,0.0,0.9800473768503112,,,,-1.4803211628289028,0.03437435065462084,0.015372676949229318,0,5
86000,20260805,0.0019652215000000002,8.819745276225376e-05,3.94430999637452e-05,0.015995,0.0007231441764959467,0.00032339990723560845,0.01494,0.0009633275663033838,0.00043081318457076036,49263.897064757846,179.08999473944837,80.09148046549726,14953.612065764635,350.6266437999853,156.80500205187445,0.21344999983880003,0.9809453928203675,0.006425,0.00024109126902482404,0.00010781929326423919,20,5,0.000720455,0.00011247390252854215,5.0299858349701145e-05,0.02994,0.0015270068762124147,0.0006828982354641132,0.02888,0.002147556751287379,0.0009604165762834377,25451.65934151416,187.33354555816405,83.77810846682172,5424.9853528718695,328.8820609161661,147.08052895775484,0.40294999968719997,0.9809453928203675,0.00334,0.00038307962618755914,0.00017131841699011816,10,5,0.001151258,0.0002348612672834753,0.00010503315178551963,0.00022,0.00022803508501982757,0.00010198039027185568,0.00024000000000000003,0.0003577708763999663,0.00015999999999999999,12753.383116313864,148.02116945018682,66.19707939992658,4146.984441879786,527.6538943678429,235.973995279798,0.7899499998444,0.9809453928203675,0.0035000000000000005,0.0004541475531146238,0.000203100960115899,0.9635610766045548,0.04998188613501089,0.022352579008307713,5,5,0.0,0.0,0.0,0.24076,0.0028884251764586225,0.001291743008496661,0.24126000000000003,0.005382657336297758,0.0024071975407099462,49367.95019821873,146.35126403967084,65.45027499714489,0.0,0.0,0.0,0.213199999839,0.9809453928203675,0.006165000000000001,0.0005070133134346668,0.00022674324686746447,20,5,0.0,0.0,0.0,0.32453333333333334,0.0015495519065559277,0.0006929806795446912,0.3257866666666667,0.004244316461130344,0.0018981160250217584,36642.38666181067,250.2118013583835,111.89811932200394,0.0,0.0,0.0,0.28419999978219995,0.9809453928203675,0.004846666666666667,0.0005042045440317077,0.00022548712700383683,15,5,0.0,0.0,0.0,0.00031999999999999997,0.00019235384061671342,8.602325267042625e-05,0.0004,0.000282842712474619,0.00012649110640673518,12818.738008321474,146.91352011602302,65.70172355864204,0.0,0.0,0.0,0.7859499998452,0.9809453928203675,0.00318,0.0002489979919597746,0.00011135528725660042,0.2392156862745098,0.19143505358918134,0.08561235862034491,5,5,,,,,,,,,,,,,,,,0.0,0.9809453928203675,,,,0,0,,,,,,,,,,,,,,,,0.0,0.9809453928203675,,,,-2.679251072261803,0.048888162954986644,0.021863451132487423,0,5,,,,,,,,,,,,,,,,0.0,0.9809453928203675,,,,0,0,,,,,,,,,,,,,,,,0.0,0.9809453928203675,,,,-1.4648763704017056,0.046555056333735634,0.020820054131713003,0,5
87000,20260805,0.001834531,0.000187057028558472,8.365444630517257e-05,0.01608,0.0005149029034682162,0.0002302715787933887,0.01568,0.0013122499761859406,0.0005868560300448486,46977.482001714314,143.40477596554965,64.13256547141941,14018.134055951097,453.9347869619463,203.00580819975943,0.2242449998302,0.9818029914139002,0.006115000000000001,0.0004916807907575807,0.00021988633427296014,20,5,0.0006448840000000001,4.563591436577114e-05,2.0409001347444692e-05,0.030390000000000007,0.001595070531355903,0.0007133372274037017,0.028720000000000002,0.0027261694738221986,0.001219180052330254,24320.00705083916,117.27978188023026,52.44911293410859,5210.721207948995,424.0283072121676,189.6312238621142,0.42049499967320003,0.9818029914139002,0.003,0.00023184046238739267,0.00010368220676663863,10,5,0.0010165589999999998,0.0002333235289356819,0.00010434545429006477,0.0003,0.00021213203435596425,9.486832980505137e-05,0.0004,0.0004,0.00017888543819998318,12074.442289050601,65.4663258619188,29.27743097288059,4060.241003724271,386.12008811619023,172.678152901202,0.8339949998356,0.9818029914139002,0.003,0.0005926634795564848,0.00026504716561397135,0.980952380952381,0.04259177099999599,0.019047619047619046,5,5,0.0,0.0,0.0,0.24198,0.002509133316505925,0.0011221185320633485,0.24106,0.0029837895368138925,0.0013343912469736948,46992.86149818141,119.25358550976058,53.331824752081715,0.0,0.0,0.0,0.22374499983060003,0.9818029914139002,0.0060149999999999995,0.00029240383034426866,0.00013076696830622008,20,5,0.0,0.0,0.0,0.3237466666666667,0.002866240278367005,0.0012818216204553087,0.3235466666666667,0.0031078395496979497,0.0013898680992573903,34932.22365821373,126.02309784535774,56.35924270346543,0.0,0.0,0.0,0.29624499977260005,0.9818029914139002,0.00412,0.0005881231919325143,0.0002630166872610516,15,5,0.0,0.0,0.0,0.00036,0.000151657508881031,6.782329983125267e-05,0.00056,0.00021908902300206645,9.797958971132712e-05,12194.539946411558,199.81752462634515,89.3611136320492,0.0,0.0,0.0,0.8259949998372,0.9818029914139002,0.0030600000000000002,0.0002987473849257932,0.00013360389215887392,0.059482758620689656,0.08315726544728747,0.03718905967262584,5,5,,,,,,,,,,,,,,,,0.0,0.9818029914139002,,,,0,0,,,,,,,,,,,,,,,,0.0,0.9818029914139002,,,,-2.651342062119011,0.03366493236465457,0.015055415445060071,0,5,,,,,,,,,,,,,,,,0.0,0.9818029914139002,,,,0,0,,,,,,,,,,,,,,,,0.0,0.9818029914139002,,,,-1.4603442760994827,0.04528047473924254,0.020250043914081677,0,5
88000,20260805,0.0017762655,6.909490129977024e-05,3.090017924098496e-05,0.016195,0.00046482523597584545,0.00020787616505987423,0.015900000000000004,0.0003162277660168367,0.00014142135623730894,45108.357889391875,224.4440332443841,100.37442309573309,13400.407371686688,153.8035839295582,68.78305376991726,0.23278999982339998,0.9826219917125062,0.005945,0.00025458299236201894,0.00011385297536735682,20,5,0.000577324,9.914038798592627e-05,4.433692937044692e-05,0.03048,0.0015829560954113676,0.0007079194869474921,0.03004,0.003829882504725178,0.0017127755252805315,23024.004315700273,111.26249450585154,49.75810021225618,4757.656906866671,534.1877187126859,238.8960103574204,0.4427899996554,0.9826219917125062,0.00275,0.0003000000000000001,0.0001341640786499874,10,5,0.000999119,0.00022737271363336458,0.00010168416878255927,0.00031999999999999997,0.00014832396974191327,6.6332495807108e-05,0.00032,0.0001788854381999832,8e-05,11722.55234868303,192.51204192479173,86.09400244622475,3908.8668554149663,495.98352151586045,221.8105739658387,0.8590399998306,0.9826219917125062,0.00295,0.00042426406871192855,0.00018973665961010276,0.9764705882352942,0.05261336417646565,0.023529411764705885,5,5,0.0,0.0,0.0,0.24238999999999997,0.001894366648777369,0.0008471865201949331,0.24172000000000002,0.004687963310436633,0.002096520927632252,44741.00186887472,258.27548948227707,115.50431028088069,0.0,0.0,0.0,0.23428999982219997,0.9826219917125062,0.0055650000000000005,0.0003080178566252288,0.0001377497731395591,20,5,0.0,0.0,0.0,0.3276,0.0038228116470588624,0.00170961334160031,0.32658666666666664,0.004242221640183881,0.001897179192614362,33470.6053211459,119.4326327845112,53.4118971275874,0.0,0.0,0.0,0.309539999762,0.9826219917125062,0.004126666666666666,0.0003897292507483736,0.00017429221949868484,15,5,0.0,0.0,0.0,0.00016,0.00020736441353327723,9.273618495495704e-05,0.00024000000000000003,0.0003577708763999663,0.00015999999999999999,11652.322384232304,91.1506315704016,40.76380167669127,0.0,0.0,0.0,0.8640399998295999,0.9826219917125062,0.0031,0.0003278719262151,0.00014662878298615176,0.11776470588235295,0.13694668474872923,0.06124441927827845,5,5,,,,,,,,,,,,,,,,0.0,0.9826219917125062,,,,0,0,,,,,,,,,,,,,,,,0.0,0.9826219917125062,,,,-2.691224038726477,0.04247483814267462,0.018995325084064273,0,5,,,,,,,,,,,,,,,,0.0,0.9826219917125062,,,,0,0,,,,,,,,,,,,,,,,0.0,0.9826219917125062,,,,-1.4733502693906018,0.05902774245693761,0.026398008938412588,0,5
89000,20260805,0.0016649584999999998,0.0001381518620893327,6.178339096998481e-05,0.015565,0.0008447632804519861,0.000377789623997272,0.01602,0.0015089731607951147,0.0006748333127521193,42996.421127151014,149.16370630729594,66.70803741578557,12737.016560726363,422.0586300708212,188.7503574657586,0.2435849998148,0.9834041309256245,0.005605,0.0004327961413876054,0.00019355231850845916,20,5,0.0005672690000000001,7.308315660944048e-05,3.268378123779439e-05,0.03099,0.001722062716627938,0.0007701298591796053,0.030959999999999998,0.0026735743864721626,0.00119565881421081,22126.701579319575,128.34519875185887,57.39771779897552,4452.4170307076765,381.78922946884256,170.74133403391957,0.46083499964100005,0.9834041309256245,0.0028499999999999997,0.00039843443626273067,0.0001781852968120546,10,5,0.00095525,0.00014264954517102403,6.379481599236731e-05,0.00033999999999999997,0.00011401754250991381,5.0990195135927854e-05,0.00024000000000000003,0.0003577708763999663,0.00015999999999999999,11170.35206309994,81.53648553774869,36.46422486176691,3926.4736212019,37.54102516559615,16.78885684306066,0.9010849998221999,0.9834041309256245,0.0027,0.0004046603514059662,0.0001809696107085386,1.0,0.0,0.0,5,5,0.0,0.0,0.0,0.24187499999999998,0.001963972377606157,0.0008783151484518505,0.24180000000000001,0.003104029639033755,0.0013881642554107222,42955.26035998314,373.6746819789886,167.1123980751268,0.0,0.0,0.0,0.24433499981419998,0.9834041309256245,0.005690000000000001,0.00010982941318244382,4.9117206760971175e-05,20,5,0.0,0.0,0.0,0.32667333333333337,0.0017567963266506865,0.0007856632018025721,0.32688,0.00567379943247907,0.0025374002443445858,31764.001003154634,86.9255695209764,38.87429648635741,0.0,0.0,0.0,0.3228349997514,0.9834041309256245,0.00408,0.0002410624630901942,0.00010780641085864164,15,5,0.0,0.0,0.0,0.00037999999999999997,0.00019235384061671345,8.602325267042626e-05,0.00048000000000000007,0.0004381780460041329,0.00019595917942265425,11072.127063124808,128.38269501685923,57.41448663846415,0.0,0.0,0.0,0.9090849998206,0.9834041309256245,0.0028200000000000005,0.0004932038118263077,0.00022056745000112771,0.14367201426024953,0.16021276932914896,0.07164932861669408,5,5,,,,,,,,,,,,,,,,0.0,0.9834041309256245,,,,0,0,,,,,,,,,,,,,,,,0.0,0.9834041309256245,,,,-2.6202435567332296,0.03357547821592861,0.015015410333575945,0,5,,,,,,,,,,,,,,,,0.0,0.9834041309256245,,,,0,0,,,,,,,,,,,,,,,,0.0,0.9834041309256245,,,,-1.487239507440958,0.06237723475677784,0.02789594743292356,0,5
90000,20260805,0.0015854475,0.00010893634365421851,4.871781392622208e-05,0.01594,0.00044777226354476206,0.00020024984394500776,0.015539999999999998,0.001099090533122727,0.0004915282290977803,41149.027088101735,185.6053215116615,83.00522317715581,12324.895642563502,331.3808147945639,148.19800566398257,0.2536299998068,0.9841510680753889,0.00527,0.00031543620591174983,0.00014106735979665873,20,5,0.000521552,8.470241242137086e-05,3.788007040648156e-05,0.030410000000000003,0.0013844674066224882,0.0006191526467681452,0.03084,0.002507588482985196,0.0011214276615100945,21127.28299436804,171.1091076536023,76.52231925655686,4260.420586964918,324.8536886097741,145.2789860946008,0.483379999623,0.9841510680753889,0.0025599999999999998,0.0003189827581547317,0.00014265342617687107,10,5,0.000925365,0.0002425733114957208,0.00010848208280633257,0.00028,0.00026832815729997477,0.00012,0.00016,0.00021908902300206645,9.797958971132712e-05,10681.298723031347,105.99691933761454,47.403263408893615,3590.094404647134,349.39756343139135,156.25534060107714,0.942129999814,0.9841510680753889,0.0027,0.0005208166663999915,0.00023291629397704234,0.9789473684210528,0.04707511531578505,0.02105263157894737,5,5,0.0,0.0,0.0,0.23969000000000001,0.0010301092175104669,0.0004606788469205041,0.23668,0.0029037906260610488,0.0012986146464598353,41137.45196411521,51.30941750271394,22.946269084397173,0.0,0.0,0.0,0.253379999807,0.9841510680753889,0.005535,0.0002753406980451671,0.0001231361035602474,20,5,0.0,0.0,0.0,0.32547333333333334,0.002662538471292239,0.0011907234029035637,0.32538666666666666,0.005927412776433087,0.002650819579761029,30467.923629589866,117.76499576072861,52.666107178192746,0.0,0.0,0.0,0.3368799997402,0.9841510680753889,0.004073333333333333,0.00032093613071762397,0.00014352700094407312,15,5,0.0,0.0,0.0,0.00030000000000000003,0.00015811388300841897,7.071067811865475e-05,0.00032,0.00033466401061363023,0.00014966629547095766,10669.346704352061,62.06933081204293,27.758248602730042,0.0,0.0,0.0,0.9431299998138,0.9841510680753889,0.00287,0.00026832815729997477,0.00012,0.02608695652173913,0.05833220810869017,0.026086956521739132,5,5,,,,,,,,,,,,,,,,0.0,0.9841510680753889,,,,0,0,,,,,,,,,,,,,,,,0.0,0.9841510680753889,,,,-2.6690268212030217,0.045984537514164786,0.020564910359112332,0,5,,,,,,,,,,,,,,,,0.0,0.9841510680753889,,,,0,0,,,,,,,,,,,,,,,,0.0,0.9841510680753889,,,,-1.4703681904531878,0.04998528492230052,0.02235409899219185,0,5
91000,20260805,0.0014784666666666666,0.0001478779965414432,6.613305052862916e-05,0.016493333333333336,0.0010820248508134074,0.0004838962239525695,0.015359999999999999,0.0009399763590407767,0.0004203702072115851,39207.539963390365,190.35085229591795,85.12748906173888,11775.917453727021,250.37954738983788,111.9731376278615,0.2654249997974,0.9848643875156379,0.004886666666666667,0.0005080463670877995,0.0002272052425060263,15,5,0.000527518,1.8617501712098717e-05,8.32599987989429e-06,0.03136,0.000895404936327693,0.0004004372610035185,0.030479999999999997,0.0015270887335056859,0.0006829348431585549,20308.715695987037,55.875209540633705,24.98815335798035,4139.927713451327,197.22835609891996,88.20320226554405,0.5054249996054,0.9848643875156379,0.00257,0.00013038404810405307,5.8309518948453044e-05,10,5,0.000873279,5.986599654645367e-05,2.677288756372761e-05,0.00026000000000000003,0.0001816590212458495,8.12403840463596e-05,8e-05,0.0001788854381999832,8e-05,10149.18480062342,43.03438336597262,19.245561315220197,3376.4580842448804,450.86869698760455,201.63461107820768,0.9911749998042,0.9848643875156379,0.00264,0.00031304951684997057,0.00014,0.9733333333333334,0.059628479399994376,0.026666666666666658,5,5,0.0,0.0,0.0,0.24337333333333336,0.0021735020384419054,0.0009720196614380923,0.24594666666666667,0.004845708295893268,0.0021670666297504025,39071.46693380925,253.53642066757794,113.38493427693737,0.0,0.0,0.0,0.26717499979599996,0.9848643875156379,0.00486,0.00035386752072240606,0.00015825436627292308,15,5,0.0,0.0,0.0,0.32457,0.0038656500100242037,0.0017287712399273725,0.32648,0.008277197593388703,0.0037016752964029605,28934.384082647543,133.96278028590802,59.90997663483181,0.0,0.0,0.0,0.35467499972600003,0.9848643875156379,0.0038199999999999996,0.0004803644449790179,0.0002148255105894083,10,5,0.0,0.0,0.0,0.000325,0.00012583057392117917,6.291528696058958e-05,0.0002,0.0004,0.0002,10217.030991758464,89.7887490328628,44.8943745164314,0.0,0.0,0.0,0.7877399998444,0.9848643875156379,0.0023375,0.00010307764064044154,5.153882032022077e-05,0.14241486068111453,0.19438188423953265,0.09719094211976632,4,4,,,,,,,,,,,,,,,,0.0,0.9848643875156379,,,,0,0,,,,,,,,,,,,,,,,0.0,0.9848643875156379,,,,-2.6792037297662126,0.05523460173878346,0.024701664839609578,0,5,,,,,,,,,,,,,,,,0.0,0.9848643875156379,,,,0,0,,,,,,,,,,,,,,,,0.0,0.9848643875156379,,,,-1.4711044837515426,0.06336704949197114,0.028338606039528196,0,5
92000,20260805,0.0014200466666666664,0.0001911480524648658,8.548400781562722e-05,0.01652,0.0010156005338933431,0.00045419036635411885,0.01669333333333333,0.001197775716345371,0.000535661584709351,37279.03868934121,121.34057787293857,54.26515611059949,10866.07207064698,308.5329920925263,137.98014872405878,0.28146999978459997,0.9855456022925407,0.004846666666666666,0.0006335964365780829,0.0002833529404980455,15,5,0.00040190800000000003,0.00014352602993882328,6.418679189677576e-05,0.032339999999999994,0.0019932385707686867,0.0008914033879226617,0.03312,0.000995991967839098,0.0004454211490264015,19283.92519592208,144.7315320540243,64.72590883209762,3605.9306043092706,122.06022002953485,54.586989866924256,0.5244699995902,0.9855456022925407,0.00214,0.0008264381404557752,0.0003695943722515265,5,5,,,,,,,,,,,,,,,,0.0,0.9855456022925407,,,,,,,0,0,0.0,0.0,0.0,0.24100000000000002,0.0029317230428538197,0.001311106403004734,0.23845333333333332,0.0039503586335082694,0.0017666540880055337,37329.50145158712,179.83771721546643,80.42587212243342,0.0,0.0,0.0,0.2779699997874,0.9855456022925407,0.004926666666666666,0.0004918220093579476,0.0002199494891509817,15,5,0.0,0.0,0.0,0.32387,0.004453734388128683,0.0019917705691168334,0.32292,0.004873602363755183,0.0021795412361320494,27684.2252347782,193.6533658618072,86.6044180277276,0.0,0.0,0.0,0.37071999971319997,0.9855456022925407,0.00361,0.0004407380174207802,0.0001971040334442702,10,5,,,,,,,,,,,,,,,,0.0,0.9855456022925407,,,,,,,0,0,,,,,,,,,,,,,,,,0.0,0.9855456022925407,,,,0,0,,,,,,,,,,,,,,,,0.0,0.9855456022925407,,,,-2.619066775067046,0.023337613414443747,0.010436898005461437,0,5,,,,,,,,,,,,,,,,0.0,0.9855456022925407,,,,0,0,,,,,,,,,,,,,,,,0.0,0.9855456022925407,,,,-1.5148820772011338,0.08232447738746643,0.03681662553010384,0,5
93000,20260805,0.0013262113333333333,0.00012872075485760286,5.756567159533725e-05,0.016166666666666666,0.0004209776980105027,0.0001882669499525724,0.016239999999999997,0.0004935134806219121,0.0002207059380966241,35611.5583043412,143.6941384538283,64.26197231020531,10478.463145978434,100.91735485397044,45.13161311258925,0.29176499977639997,0.986196157353971,0.0044666666666666665,0.0004062019202317983,0.00018165902124584962,15,5,0.000445726,5.107660991099546e-05,2.2842154364245062e-05,0.031179999999999996,0.0015514509338035783,0.0006938299503480654,0.03216,0.0023426480742954107,0.0010476640682967032,18186.409532099253,53.74088767362909,24.033655601883034,3506.9314782278443,258.4308974902543,115.57381085489769,0.5557649995652,0.986196157353971,0.0023000000000000004,0.0003391164991562634,0.000151657508881031,5,5,,,,,,,,,,,,,,,,0.0,0.986196157353971,,,,,,,0,0,0.0,0.0,0.0,0.24192666666666668,0.002412628810608411,0.0010789604049989746,0.24125333333333332,0.004239077467772646,0.0018957730759654621,35684.00090548158,205.41314824173816,91.86355258815358,0.0,0.0,0.0,0.29076499977720005,0.986196157353971,0.004626666666666667,0.00036086316273931644,0.00016138291249213614,15,5,0.0,0.0,0.0,0.32528999999999997,0.0029362816622388373,0.0013131450795704235,0.32395999999999997,0.007181086268803624,0.003211479409867046,26292.399903502122,197.92799577713185,88.51609064159162,0.0,0.0,0.0,0.39126499969679995,0.986196157353971,0.0031599999999999996,0.0003150396800404672,0.00014089002803605366,10,5,,,,,,,,,,,,,,,,0.0,0.986196157353971,,,,,,,0,0,,,,,,,,,,,,,,,,0.0,0.986196157353971,,,,0,0,,,,,,,,,,,,,,,,0.0,0.986196157353971,,,,-2.6473197301669527,0.04371409503475668,0.01954953761452039,0,5,,,,,,,,,,,,,,,,0.0,0.986196157353971,,,,0,0,,,,,,,,,,,,,,,,0.0,0.986196157353971,,,,-1.4422995656877238,0.04657819414427623,0.02083040167515686,0,5
94000,20260805,0.0013247733333333332,0.00012618498407320722,5.643164042548393e-05,0.016386666666666667,0.0004862555341016122,0.0002174600857373344,0.01616,0.0003932768321000699,0.00017587874611030554,34226.59195660507,66.4194572378467,29.703684282493125,10097.278852851487,98.32912858015604,43.97412313470925,0.30155999976860004,0.9868174326144359,0.0044533333333333334,0.0004246567241117623,0.0001899122604432549,15,5,0.00047776,6.193174307251492e-05,2.769671749503901e-05,0.031059999999999997,0.000838450952650182,0.00037496666518505283,0.029679999999999995,0.0014254823744964367,0.000637495098020369,17532.82734703612,145.79406021168663,65.20108586980574,3640.1486199714577,170.88447435370622,76.42186019084131,0.5763099995488,0.9868174326144359,0.00228,0.0003033150177620619,0.00013564659966250532,5,5,,,,,,,,,,,,,,,,0.0,0.9868174326144359,,,,,,,0,0,0.0,0.0,0.0,0.24253999999999998,0.0028173470578621304,0.0012599559075177514,0.24378666666666665,0.007422847611709843,0.0033195983692810346,34066.74419818054,221.27161830237029,98.95567600309731,0.0,0.0,0.0,0.3053099997656,0.9868174326144359,0.004026666666666666,0.00031126980079810006,0.000139204086785474,15,5,0.0,0.0,0.0,0.32672,0.003950727781055021,0.0017668191758071865,0.32764000000000004,0.008790221840204032,0.003931106714399901,25236.028464588366,254.44214046126257,113.78998448238656,0.0,0.0,0.0,0.4050599996858,0.9868174326144359,0.0033099999999999996,0.0003830796261875591,0.00017131841699011814,10,5,,,,,,,,,,,,,,,,0.0,0.9868174326144359,,,,,,,0,0,,,,,,,,,,,,,,,,0.0,0.9868174326144359,,,,0,0,,,,,,,,,,,,,,,,0.0,0.9868174326144359,,,,-2.6367458508963297,0.059870504057469985,0.026774903383935972,0,5,,,,,,,,,,,,,,,,0.0,0.9868174326144359,,,,0,0,,,,,,,,,,,,,,,,0.0,0.9868174326144359,,,,-1.471446177329682,0.07511436666729268,0.03359216599098215,0,5
95000,20260805,0.0011854879999999997,0.00019460886649893419,8.703173090315967e-05,0.016266666666666665,0.0009104333522498451,0.0004071581729227329,0.016800000000000002,0.0019183326093250863,0.0008579044235810879,32648.525939305364,114.26516113319256,51.10093355075709,9491.32079651636,411.92251079836313,184.2173471215062,0.3176049997558,0.9874107458820583,0.004046666666666667,0.0005635206789067776,0.0002520141089524773,15,5,0.00040651799999999997,0.0001454183881770115,6.503308022844989e-05,0.031999999999999994,0.0025758493744782516,0.0011519548602267364,0.03264,0.004912026058562801,0.002196724834839357,16783.303765174653,224.08223381711338,100.21262147301353,3197.6748011694717,480.6602642125197,214.95780497244067,0.6018549995283999,0.9874107458820583,0.0021,0.0006324555320336759,0.000282842712474619,5,5,,,,,,,,,,,,,,,,0.0,0.9874107458820583,,,,,,,0,0,0.0,0.0,0.0,0.24109333333333333,0.002224035371421362,0.0009946188549724317,0.24234666666666665,0.0025640246141997547,0.0011466666666666648,32637.75352922445,145.71764948079394,65.16691395210843,0.0,0.0,0.0,0.31860499975500006,0.9874107458820583,0.004359999999999999,0.0003752036484068055,0.00016779617264870954,15,5,0.0,0.0,0.0,0.32632000000000005,0.003377239997394306,0.001510347642100976,0.32624,0.005154415582779489,0.002305124725475826,24103.05411655868,135.22503118931817,60.47447239976893,0.0,0.0,0.0,0.4253549996696,0.9874107458820583,0.00296,0.00012942179105544788,5.787918451395114e-05,10,5,,,,,,,,,,,,,,,,0.0,0.9874107458820583,,,,,,,0,0,,,,,,,,,,,,,,,,0.0,0.9874107458820583,,,,0,0,,,,,,,,,,,,,,,,0.0,0.9874107458820583,,,,-2.632741485904276,0.029773202464238594,0.013314980923580348,0,5,,,,,,,,,,,,,,,,0.0,0.9874107458820583,,,,0,0,,,,,,,,,,,,,,,,0.0,0.9874107458820583,,,,-1.4429492961818542,0.060423323690895786,0.02702213183986329,0,5
96000,20260805,0.0011392279999999997,0.00013924199870489267,6.227091488541554e-05,0.01626,0.0010581430275093562,0.0004732159478856701,0.015946666666666668,0.0012350438588703374,0.0005523284047255462,30943.493940339737,39.33162639468305,17.589638056827255,9181.909892556989,246.85279111268466,110.39592427270377,0.3343999997424,0.9879773556538257,0.0038199999999999996,0.0003760910055351555,0.00016819301082057146,15,5,0.00040958999999999993,5.783635880655005e-05,2.5865205972502902e-05,0.03230000000000001,0.0010839741694339412,0.00048476798574163344,0.03416,0.0012837445228704948,0.0005741080037762919,16119.415685146829,191.8754967050384,85.80933076980054,2921.811126672877,116.17760469596018,51.95620431265315,0.6263999995088,0.9879773556538257,0.00224,0.00032093613071762424,0.00014352700094407323,5,5,,,,,,,,,,,,,,,,0.0,0.9879773556538257,,,,,,,0,0,0.0,0.0,0.0,0.23966666666666664,0.0009330356668185726,0.00041726623528763466,0.23936000000000002,0.00455036018110411,0.0020349829374114088,31097.909238010983,176.8048006787776,79.06951061320953,0.0,0.0,0.0,0.33364999974299997,0.9879773556538257,0.004200000000000001,0.0002778888666755513,0.00012427567921538174,15,5,0.0,0.0,0.0,0.32414,0.003611163247486883,0.0016149612998459133,0.32752,0.0036375816142047053,0.001626775952613027,23098.952944833738,173.0357126864869,77.3839232204215,0.0,0.0,0.0,0.4403999996576,0.9879773556538257,0.0032,0.0006204836822995427,0.0002774887385102321,10,5,,,,,,,,,,,,,,,,0.0,0.9879773556538257,,,,,,,0,0,,,,,,,,,,,,,,,,0.0,0.9879773556538259,,,,0,0,,,,,,,,,,,,,,,,0.0,0.9879773556538259,,,,-2.654949624622522,0.0826866209012627,0.036978581032995665,0,5,,,,,,,,,,,,,,,,0.0,0.9879773556538259,,,,0,0,,,,,,,,,,,,,,,,0.0,0.9879773556538259,,,,-1.4256760632928855,0.06131926560142655,0.02742280924303086,0,5
97000,20260805,0.0010175510000000002,0.00012207892152210395,5.45953534286573e-05,0.016599999999999997,0.0008951256894984076,0.00040031237802496176,0.01848,0.001769745744450315,0.0007914543574963751,29589.18702675876,207.66778181285116,92.87185537402594,8250.207280865714,345.02176713126556,154.29842500452247,0.34519499973379997,0.9885184637850312,0.0036200000000000004,0.0004192254763250918,0.0001874833325925268,10,5,0.000378744,8.562848871724879e-05,3.829422431646841e-05,0.03268,0.0026975915183733807,0.0012063996021219503,0.03376,0.004368981574692206,0.0019538679586911696,15280.633044210776,136.97058710495355,61.25510873694645,2812.9468971162983,395.66327244766813,176.9459946786011,0.6604449994816001,0.9885184637850312,0.00202,0.00019235384061671342,8.602325267042625e-05,5,5,,,,,,,,,,,,,,,,0.0,0.9885184637850312,,,,,,,0,0,0.0,0.0,0.0,0.24038999999999996,0.0026940675566882208,0.0012048236385463259,0.24092000000000002,0.0033063575124296545,0.0014786480311419626,29702.26662150033,244.13618180434744,109.18101965635363,0.0,0.0,0.0,0.347444999732,0.9885184637850312,0.00373,0.000521536192416212,0.00023323807579381207,11,5,0.0,0.0,0.0,0.32439,0.0021196697856034055,0.000947945146092324,0.3196,0.007095068710026684,0.0031730111881302816,21952.8778165197,140.24387412347158,62.71896719360124,0.0,0.0,0.0,0.4654449996376,0.9885184637850312,0.00283,0.00017535677916750178,7.842193570679059e-05,10,5,,,,,,,,,,,,,,,,0.0,0.9885184637850312,,,,,,,0,0,,,,,,,,,,,,,,,,0.0,0.9885184637850312,,,,0,0,,,,,,,,,,,,,,,,0.0,0.9885184637850312,,,,-2.670929305436348,0.07457870371176305,0.03335261023466361,0,5,,,,,,,,,,,,,,,,0.0,0.9885184637850312,,,,0,0,,,,,,,,,,,,,,,,0.0,0.9885184637850312,,,,-1.423258337906225,0.05501285216650529,0.02460249541609048,0,5
98000,20260805,0.001051551,8.483964936867663e-05,3.794144463512161e-05,0.01671,0.0003070016286601751,0.00013729530217745982,0.01772,0.0011009087155618305,0.0004923413450036467,28265.994547701783,363.6474233343203,162.62807168363668,8024.510781430108,270.6445959486,121.03594285680676,0.3614899997208,0.9890352180385682,0.0036699999999999997,0.00028635642126552695,0.00012806248474865693,10,5,0.000395416,7.35728963681599e-05,3.290279951615059e-05,0.032,0.001638596960817393,0.00073280283842245,0.031120000000000002,0.003167333263172665,0.001416474496770062,14728.620131773117,126.33375623144283,56.498173357278766,2938.532365548882,292.299923574836,130.72049978626532,0.6849899994620001,0.9890352180385682,0.00196,0.00027018512172212586,0.00012083045973594569,5,5,,,,,,,,,,,,,,,,0.0,0.9890352180385682,,,,,,,0,0,0.0,0.0,0.0,0.24301,0.0017454941993601718,0.0007806087368201828,0.24516,0.004836114142573556,0.002162775993948516,28383.67783439956,178.0546196164728,79.62844663406014,0.0,0.0,0.0,0.3619899997204,0.9890352180385682,0.00349,0.0005152669211195303,0.00023043437243605832,10,5,0.0,0.0,0.0,0.32846,0.0025237373080413787,0.0011286496356265698,0.3274,0.006874590896918886,0.0030744105126023756,21068.78497853887,222.97022658812213,99.71531672191442,0.0,0.0,0.0,0.4857399996213999,0.9890352180385682,0.00295,0.00037416573867739413,0.0001673320053068151,10,5,,,,,,,,,,,,,,,,0.0,0.9890352180385682,,,,,,,0,0,,,,,,,,,,,,,,,,0.0,0.9890352180385682,,,,0,0,,,,,,,,,,,,,,,,0.0,0.9890352180385682,,,,-2.6614442365146593,0.04987081421265843,0.02230290613455338,0,5,,,,,,,,,,,,,,,,0.0,0.9890352180385682,,,,0,0,,,,,,,,,,,,,,,,0.0,0.9890352180385682,,,,-1.455317891626922,0.03004558629345336,0.013436794675199532,0,5
99000,20260805,0.001016653,0.00010770269533535365,4.816610962596005e-05,0.01684,0.0007266360849833987,0.00032496153618543874,0.0164,0.002213594362117866,0.0009899494936611666,27075.584673791553,156.67219994748118,70.06593785340138,7934.270648890917,402.5470185593814,180.02449952772923,0.3782849997074,0.989528714519491,0.0034500000000000004,0.00025495097567963934,0.00011401754250991384,10,5,0.00041048199999999994,6.215896331181851e-05,2.7798333475228328e-05,0.0319,0.002267156809750928,0.0010139033484509266,0.03152,0.002304777646542071,0.0010307278981380105,13942.864688027974,133.51518221053837,59.70980469020689,2746.749106107821,175.33317195089492,78.41137823857208,0.7232849994314,0.989528714519491,0.00206,0.00023021728866442682,0.00010295630140987003,5,5,,,,,,,,,,,,,,,,0.0,0.989528714519491,,,,,,,0,0,0.0,0.0,0.0,0.24257,0.002988854295545367,0.0013366562759363374,0.2424,0.004726520919238593,0.0021137644144984574,27215.35928476402,170.86965321840245,76.41523197763271,0.0,0.0,0.0,0.37778499970779994,0.989528714519491,0.00356,0.00068319104209584,0.00030553232234904374,10,5,0.0,0.0,0.0,0.32741999999999993,0.005418210036534225,0.002423097191612429,0.33048,0.012766832026779395,0.005709500853840028,19981.26068054143,205.55004888723394,91.92477641805202,0.0,0.0,0.0,0.5100349996019999,0.989528714519491,0.00281,0.0004904079934095691,0.00021931712199461308,8,5,,,,,,,,,,,,,,,,0.0,0.989528714519491,,,,,,,0,0,,,,,,,,,,,,,,,,0.0,0.989528714519491,,,,0,0,,,,,,,,,,,,,,,,0.0,0.989528714519491,,,,-2.656988331375124,0.042406040482292844,0.018964557835002952,0,5,,,,,,,,,,,,,,,,0.0,0.989528714519491,,,,0,0,,,,,,,,,,,,,,,,0.0,0.989528714519491,,,,-1.4753487183675864,0.04769244094342215,0.021328707992477224,0,5
100000,20260805,0.000921194,4.6367090484523627e-05,2.0735993248455696e-05,0.016120000000000002,0.0012245407302331752,0.0005476312628037223,0.01716,0.001894201678808252,0.0008471127433818949,25893.606839685024,152.40325098911384,68.15680584072412,7452.856024625589,334.49630574472474,149.59129557355158,0.39607999969319996,0.99,0.003169999999999999,0.00025884358211089565,0.00011575836902790223,10,5,0.00036426799999999995,0.00012613128466007153,5.640762531785928e-05,0.0315,0.0017986105748604953,0.0008043631020876083,0.03232,0.004546647116282503,0.0020333224043422135,13262.891981456934,128.8115148842795,57.60626071319498,2557.16572992104,373.0711866635447,166.8425067652398,0.7600799994019999,0.99,0.00184,0.00042190046219457976,0.0001886796226411321,5,5,,,,,,,,,,,,,,,,0.0,0.99,,,,,,,0,0,0.0,0.0,0.0,0.24235999999999996,0.0026850046554894426,0.0012007705859155594,0.24252,0.004991192242340514,0.0022321290285285986,25865.8819769054,111.85903656759375,50.02488193255487,0.0,0.0,0.0,0.395079999694,0.99,0.0032,0.0005396758286230725,0.00024135036772294336,10,5,0.0,0.0,0.0,0.32196,0.005909991539757057,0.002643028565869086,0.32416,0.015485735371625071,0.006925431394505325,18975.166355229925,174.59533801063864,78.08140886926817,0.0,0.0,0.0,0.5330799995836,0.99,0.00224,0.0003911521443121589,0.00017492855684535897,5,5,,,,,,,,,,,,,,,,0.0,0.99,,,,,,,0,0,,,,,,,,,,,,,,,,0.0,0.99,,,,0,0,,,,,,,,,,,,,,,,0.0,0.99,,,,-2.673562035647344,0.027381634371416802,0.012245439157906539,0,5,,,,,,,,,,,,,,,,0.0,0.99,,,,0,0,,,,,,,,,,,,,,,,0.0,0.99,,,,-1.4387755267376119,0.035773126000660224,0.01599822830102829,0,5
